1.6e-09,5e-07,0,93604
1.6e-09,5e-07,1,1974
1.6e-09,5e-07,2,766
1.6e-09,5e-07,3,524
1.6e-09,5e-07,4,331
1.6e-09,5e-07,5,277
1.6e-09,5e-07,6,219
1.6e-09,5e-07,7,183
1.6e-09,5e-07,8,132
1.6e-09,5e-07,9,117
1.6e-09,5e-07,10,113
1.6e-09,5e-07,11,79
1.6e-09,5e-07,12,68
1.6e-09,5e-07,13,98
1.6e-09,5e-07,14,63
1.6e-09,5e-07,15,61
1.6e-09,5e-07,16,60
1.6e-09,5e-07,17,46
1.6e-09,5e-07,18,38
1.6e-09,5e-07,19,38
1.6e-09,5e-07,20,29
1.6e-09,5e-07,21,33
1.6e-09,5e-07,22,32
1.6e-09,5e-07,23,34
1.6e-09,5e-07,24,41
1.6e-09,5e-07,25,28
1.6e-09,5e-07,26,19
1.6e-09,5e-07,27,18
1.6e-09,5e-07,28,17
1.6e-09,5e-07,29,13
1.6e-09,5e-07,30,21
1.6e-09,5e-07,31,18
1.6e-09,5e-07,32,17
1.6e-09,5e-07,33,17
1.6e-09,5e-07,34,13
1.6e-09,5e-07,35,23
1.6e-09,5e-07,36,12
1.6e-09,5e-07,37,13
1.6e-09,5e-07,38,18
1.6e-09,5e-07,39,14
1.6e-09,5e-07,40,17
1.6e-09,5e-07,41,20
1.6e-09,5e-07,42,7
1.6e-09,5e-07,43,11
1.6e-09,5e-07,44,15
1.6e-09,5e-07,45,10
1.6e-09,5e-07,46,12
1.6e-09,5e-07,47,12
1.6e-09,5e-07,48,10
1.6e-09,5e-07,49,9
1.6e-09,5e-07,50,12
1.6e-09,5e-07,51,8
1.6e-09,5e-07,52,10
1.6e-09,5e-07,53,11
1.6e-09,5e-07,54,11
1.6e-09,5e-07,55,8
1.6e-09,5e-07,56,7
1.6e-09,5e-07,57,8
1.6e-09,5e-07,58,8
1.6e-09,5e-07,59,5
1.6e-09,5e-07,60,9
1.6e-09,5e-07,61,5
1.6e-09,5e-07,62,5
1.6e-09,5e-07,63,5
1.6e-09,5e-07,64,5
1.6e-09,5e-07,65,4
1.6e-09,5e-07,66,8
1.6e-09,5e-07,67,10
1.6e-09,5e-07,69,4
1.6e-09,5e-07,70,8
1.6e-09,5e-07,71,4
1.6e-09,5e-07,72,6
1.6e-09,5e-07,73,11
1.6e-09,5e-07,74,6
1.6e-09,5e-07,75,8
1.6e-09,5e-07,76,7
1.6e-09,5e-07,77,4
1.6e-09,5e-07,78,4
1.6e-09,5e-07,79,2
1.6e-09,5e-07,80,2
1.6e-09,5e-07,81,4
1.6e-09,5e-07,82,6
1.6e-09,5e-07,83,4
1.6e-09,5e-07,84,7
1.6e-09,5e-07,85,1
1.6e-09,5e-07,86,5
1.6e-09,5e-07,88,1
1.6e-09,5e-07,89,3
1.6e-09,5e-07,90,4
1.6e-09,5e-07,91,5
1.6e-09,5e-07,92,4
1.6e-09,5e-07,93,4
1.6e-09,5e-07,94,6
1.6e-09,5e-07,95,6
1.6e-09,5e-07,96,4
1.6e-09,5e-07,97,1
1.6e-09,5e-07,98,7
1.6e-09,5e-07,99,1
1.6e-09,5e-07,100,4
1.6e-09,5e-07,101,1
1.6e-09,5e-07,102,5
1.6e-09,5e-07,103,1
1.6e-09,5e-07,104,2
1.6e-09,5e-07,105,3
1.6e-09,5e-07,106,4
1.6e-09,5e-07,107,3
1.6e-09,5e-07,108,3
1.6e-09,5e-07,109,5
1.6e-09,5e-07,110,2
1.6e-09,5e-07,112,4
1.6e-09,5e-07,113,5
1.6e-09,5e-07,115,4
1.6e-09,5e-07,116,2
1.6e-09,5e-07,117,3
1.6e-09,5e-07,118,3
1.6e-09,5e-07,119,2
1.6e-09,5e-07,120,2
1.6e-09,5e-07,121,3
1.6e-09,5e-07,122,5
1.6e-09,5e-07,123,2
1.6e-09,5e-07,124,1
1.6e-09,5e-07,125,5
1.6e-09,5e-07,126,2
1.6e-09,5e-07,127,2
1.6e-09,5e-07,128,3
1.6e-09,5e-07,129,2
1.6e-09,5e-07,130,4
1.6e-09,5e-07,131,3
1.6e-09,5e-07,132,1
1.6e-09,5e-07,133,4
1.6e-09,5e-07,134,1
1.6e-09,5e-07,135,2
1.6e-09,5e-07,136,3
1.6e-09,5e-07,137,1
1.6e-09,5e-07,138,2
1.6e-09,5e-07,139,1
1.6e-09,5e-07,141,2
1.6e-09,5e-07,142,4
1.6e-09,5e-07,143,3
1.6e-09,5e-07,144,1
1.6e-09,5e-07,145,1
1.6e-09,5e-07,147,1
1.6e-09,5e-07,148,1
1.6e-09,5e-07,149,3
1.6e-09,5e-07,150,2
1.6e-09,5e-07,151,1
1.6e-09,5e-07,153,1
1.6e-09,5e-07,157,2
1.6e-09,5e-07,158,1
1.6e-09,5e-07,162,1
1.6e-09,5e-07,163,3
1.6e-09,5e-07,164,1
1.6e-09,5e-07,167,1
1.6e-09,5e-07,170,2
1.6e-09,5e-07,171,1
1.6e-09,5e-07,172,4
1.6e-09,5e-07,173,1
1.6e-09,5e-07,174,1
1.6e-09,5e-07,176,2
1.6e-09,5e-07,177,1
1.6e-09,5e-07,178,1
1.6e-09,5e-07,179,1
1.6e-09,5e-07,180,1
1.6e-09,5e-07,182,3
1.6e-09,5e-07,184,1
1.6e-09,5e-07,190,2
1.6e-09,5e-07,191,1
1.6e-09,5e-07,192,2
1.6e-09,5e-07,193,1
1.6e-09,5e-07,194,1
1.6e-09,5e-07,196,1
1.6e-09,5e-07,197,3
1.6e-09,5e-07,198,3
1.6e-09,5e-07,199,1
1.6e-09,5e-07,201,1
1.6e-09,5e-07,206,1
1.6e-09,5e-07,207,2
1.6e-09,5e-07,208,1
1.6e-09,5e-07,209,1
1.6e-09,5e-07,210,2
1.6e-09,5e-07,211,1
1.6e-09,5e-07,212,1
1.6e-09,5e-07,213,1
1.6e-09,5e-07,214,2
1.6e-09,5e-07,216,1
1.6e-09,5e-07,219,1
1.6e-09,5e-07,223,2
1.6e-09,5e-07,224,1
1.6e-09,5e-07,225,1
1.6e-09,5e-07,231,1
1.6e-09,5e-07,233,2
1.6e-09,5e-07,234,1
1.6e-09,5e-07,236,1
1.6e-09,5e-07,237,1
1.6e-09,5e-07,241,1
1.6e-09,5e-07,245,1
1.6e-09,5e-07,246,1
1.6e-09,5e-07,248,3
1.6e-09,5e-07,249,1
1.6e-09,5e-07,253,3
1.6e-09,5e-07,254,1
1.6e-09,5e-07,255,2
1.6e-09,5e-07,270,1
1.6e-09,5e-07,273,1
1.6e-09,5e-07,276,1
1.6e-09,5e-07,277,1
1.6e-09,5e-07,278,1
1.6e-09,5e-07,280,1
1.6e-09,5e-07,285,1
1.6e-09,5e-07,286,1
1.6e-09,5e-07,288,2
1.6e-09,5e-07,289,1
1.6e-09,5e-07,293,2
1.6e-09,5e-07,296,1
1.6e-09,5e-07,297,1
1.6e-09,5e-07,299,1
1.6e-09,5e-07,304,1
1.6e-09,5e-07,306,1
1.6e-09,5e-07,313,1
1.6e-09,5e-07,316,1
1.6e-09,5e-07,317,1
1.6e-09,5e-07,321,1
1.6e-09,5e-07,322,1
1.6e-09,5e-07,325,3
1.6e-09,5e-07,326,1
1.6e-09,5e-07,328,2
1.6e-09,5e-07,329,1
1.6e-09,5e-07,333,1
1.6e-09,5e-07,335,1
1.6e-09,5e-07,337,1
1.6e-09,5e-07,341,2
1.6e-09,5e-07,342,2
1.6e-09,5e-07,344,1
1.6e-09,5e-07,346,2
1.6e-09,5e-07,354,2
1.6e-09,5e-07,355,1
1.6e-09,5e-07,358,3
1.6e-09,5e-07,365,1
1.6e-09,5e-07,379,1
1.6e-09,5e-07,383,1
1.6e-09,5e-07,411,1
1.6e-09,5e-07,413,1
1.6e-09,5e-07,438,1
1.6e-09,5e-07,445,1
1.6e-09,5e-07,449,1
1.6e-09,5e-07,452,1
1.6e-09,5e-07,453,1
1.6e-09,5e-07,480,1
1.6e-09,5e-07,499,1
1.6e-09,5e-07,508,1
1.6e-09,5e-07,519,1
1.6e-09,5e-07,524,1
1.6e-09,5e-07,529,1
1.6e-09,5e-07,534,1
1.6e-09,5e-07,543,1
1.6e-09,5e-07,557,1
1.6e-09,5e-07,558,1
1.6e-09,5e-07,565,1
1.6e-09,5e-07,569,1
1.6e-09,5e-07,570,1
1.6e-09,5e-07,578,2
1.6e-09,5e-07,584,1
1.6e-09,5e-07,634,1
1.6e-09,5e-07,659,1
1.6e-09,5e-07,673,1
1.6e-09,5e-07,679,1
1.6e-09,5e-07,685,1
1.6e-09,5e-07,697,2
1.6e-09,5e-07,705,1
1.6e-09,5e-07,717,1
1.6e-09,5e-07,750,1
1.6e-09,5e-07,764,1
1.6e-09,5e-07,776,1
1.6e-09,5e-07,777,1
1.6e-09,5e-07,787,1
1.6e-09,5e-07,800,1
1.6e-09,5e-07,858,1
1.6e-09,5e-07,909,1
1.6e-09,5e-07,1039,1
1.6e-09,5e-07,1084,1
1.6e-09,5e-07,1094,1
1.6e-09,5e-07,1099,1
1.6e-09,5e-07,1145,1
1.6e-09,5e-07,1234,1
1.6e-09,5e-07,1245,1
1.6e-09,5e-07,1290,1
1.6e-09,5e-07,1319,1
1.6e-09,5e-07,1324,1
1.6e-09,5e-07,1343,1
1.6e-09,5e-07,1344,1
1.6e-09,5e-07,1355,1
1.6e-09,5e-07,1425,1
1.6e-09,5e-07,1427,1
1.6e-09,5e-07,1435,1
1.6e-09,5e-07,1448,1
1.6e-09,5e-07,1619,1
1.6e-09,5e-07,1710,1
1.6e-09,5e-07,1714,1
1.6e-09,5e-07,1720,1
1.6e-09,5e-07,1733,1
1.6e-09,5e-07,1804,1
1.6e-09,5e-07,1873,1
1.6e-09,5e-07,1891,1
1.6e-09,5e-07,2001,1
1.6e-09,5e-07,2037,1
1.6e-09,5e-07,2105,1
1.6e-09,5e-07,2234,1
1.6e-09,5e-07,2388,1
1.6e-09,5e-07,2440,1
1.6e-09,5e-07,2452,1
1.6e-09,5e-07,2510,1
1.6e-09,5e-07,2816,1
1.6e-09,5e-07,3016,1
1.6e-09,5e-07,3444,1
1.6e-09,5e-07,3493,1
1.6e-09,5e-07,3693,1
1.6e-09,5e-07,3825,1
1.6e-09,5e-07,4450,1
1.6e-09,5e-07,4516,1
1.6e-09,5e-07,4618,1
1.6e-09,5e-07,5961,1
1.6e-09,5e-07,9163,1
1.6e-09,5e-07,16828,1
1.6e-09,5e-07,17056,1
1.6e-09,5e-07,22369,1
1.6e-09,5e-07,33826,1
1.6e-09,5e-07,35832,1
1.6e-09,5e-07,36795,1
1.6e-09,5e-07,50565,1
1.6e-09,5e-07,54044,1
1.6e-09,5e-07,91554,1
1.6e-09,5e-07,139215,1
1.6e-09,5e-07,151933,1
1.6e-09,5e-07,210145,1
1.6e-09,5e-07,210998,1
1.6e-09,5e-07,233451,1
1.6e-09,5e-07,353152,1
1.6e-09,5e-07,360404,1
1.6e-09,5e-07,745871,1
1.6e-09,5e-07,924705,1
1.6e-09,5e-07,1028398,1
1.6e-09,5e-07,1181750,1
1.6e-09,5e-07,1209915,1
1.6e-09,5e-07,1498661,1
1.6e-09,5e-07,1974377,1
1.6e-09,5e-07,2325461,1
1.6e-09,5e-07,2359083,1
1.6e-09,5e-07,3101655,1
1.6e-09,5e-07,3465114,1
1.6e-09,5e-07,4691973,1
1.6e-09,5e-07,5964342,1
1.6e-09,5e-07,6710508,1
1.6e-09,5e-07,6772161,1
1.6e-09,5e-07,6772199,1
1.6e-09,5e-07,6772414,1
1.6e-09,5e-07,6772417,1
1.6e-09,5e-07,6772629,1
1.6e-09,5e-07,6772677,1
1.6e-09,5e-07,6772696,1
1.6e-09,5e-07,6772744,1
1.6e-09,5e-07,6772755,1
1.6e-09,1.6e-06,0,93441
1.6e-09,1.6e-06,1,1979
1.6e-09,1.6e-06,2,827
1.6e-09,1.6e-06,3,522
1.6e-09,1.6e-06,4,359
1.6e-09,1.6e-06,5,279
1.6e-09,1.6e-06,6,244
1.6e-09,1.6e-06,7,151
1.6e-09,1.6e-06,8,137
1.6e-09,1.6e-06,9,114
1.6e-09,1.6e-06,10,119
1.6e-09,1.6e-06,11,86
1.6e-09,1.6e-06,12,78
1.6e-09,1.6e-06,13,74
1.6e-09,1.6e-06,14,63
1.6e-09,1.6e-06,15,57
1.6e-09,1.6e-06,16,49
1.6e-09,1.6e-06,17,57
1.6e-09,1.6e-06,18,50
1.6e-09,1.6e-06,19,42
1.6e-09,1.6e-06,20,38
1.6e-09,1.6e-06,21,42
1.6e-09,1.6e-06,22,32
1.6e-09,1.6e-06,23,35
1.6e-09,1.6e-06,24,22
1.6e-09,1.6e-06,25,37
1.6e-09,1.6e-06,26,32
1.6e-09,1.6e-06,27,22
1.6e-09,1.6e-06,28,27
1.6e-09,1.6e-06,29,24
1.6e-09,1.6e-06,30,21
1.6e-09,1.6e-06,31,15
1.6e-09,1.6e-06,32,25
1.6e-09,1.6e-06,33,20
1.6e-09,1.6e-06,34,16
1.6e-09,1.6e-06,35,18
1.6e-09,1.6e-06,36,19
1.6e-09,1.6e-06,37,12
1.6e-09,1.6e-06,38,17
1.6e-09,1.6e-06,39,24
1.6e-09,1.6e-06,40,11
1.6e-09,1.6e-06,41,11
1.6e-09,1.6e-06,42,13
1.6e-09,1.6e-06,43,15
1.6e-09,1.6e-06,44,16
1.6e-09,1.6e-06,45,13
1.6e-09,1.6e-06,46,16
1.6e-09,1.6e-06,47,12
1.6e-09,1.6e-06,48,11
1.6e-09,1.6e-06,49,12
1.6e-09,1.6e-06,50,18
1.6e-09,1.6e-06,51,16
1.6e-09,1.6e-06,52,4
1.6e-09,1.6e-06,53,10
1.6e-09,1.6e-06,54,8
1.6e-09,1.6e-06,55,12
1.6e-09,1.6e-06,56,5
1.6e-09,1.6e-06,57,9
1.6e-09,1.6e-06,58,8
1.6e-09,1.6e-06,59,4
1.6e-09,1.6e-06,60,6
1.6e-09,1.6e-06,61,13
1.6e-09,1.6e-06,62,7
1.6e-09,1.6e-06,63,6
1.6e-09,1.6e-06,64,6
1.6e-09,1.6e-06,65,10
1.6e-09,1.6e-06,66,2
1.6e-09,1.6e-06,68,6
1.6e-09,1.6e-06,69,7
1.6e-09,1.6e-06,70,1
1.6e-09,1.6e-06,71,6
1.6e-09,1.6e-06,72,5
1.6e-09,1.6e-06,73,4
1.6e-09,1.6e-06,75,6
1.6e-09,1.6e-06,76,2
1.6e-09,1.6e-06,77,4
1.6e-09,1.6e-06,78,3
1.6e-09,1.6e-06,79,3
1.6e-09,1.6e-06,80,6
1.6e-09,1.6e-06,81,3
1.6e-09,1.6e-06,82,4
1.6e-09,1.6e-06,83,5
1.6e-09,1.6e-06,84,5
1.6e-09,1.6e-06,85,1
1.6e-09,1.6e-06,86,1
1.6e-09,1.6e-06,87,6
1.6e-09,1.6e-06,88,3
1.6e-09,1.6e-06,89,6
1.6e-09,1.6e-06,90,2
1.6e-09,1.6e-06,91,4
1.6e-09,1.6e-06,92,5
1.6e-09,1.6e-06,93,2
1.6e-09,1.6e-06,94,2
1.6e-09,1.6e-06,95,2
1.6e-09,1.6e-06,96,1
1.6e-09,1.6e-06,97,5
1.6e-09,1.6e-06,98,1
1.6e-09,1.6e-06,99,2
1.6e-09,1.6e-06,100,1
1.6e-09,1.6e-06,101,4
1.6e-09,1.6e-06,102,3
1.6e-09,1.6e-06,103,2
1.6e-09,1.6e-06,104,3
1.6e-09,1.6e-06,105,4
1.6e-09,1.6e-06,106,2
1.6e-09,1.6e-06,107,2
1.6e-09,1.6e-06,108,1
1.6e-09,1.6e-06,109,2
1.6e-09,1.6e-06,110,4
1.6e-09,1.6e-06,111,2
1.6e-09,1.6e-06,112,4
1.6e-09,1.6e-06,113,3
1.6e-09,1.6e-06,114,1
1.6e-09,1.6e-06,115,1
1.6e-09,1.6e-06,116,3
1.6e-09,1.6e-06,117,3
1.6e-09,1.6e-06,118,3
1.6e-09,1.6e-06,119,3
1.6e-09,1.6e-06,120,2
1.6e-09,1.6e-06,121,3
1.6e-09,1.6e-06,122,1
1.6e-09,1.6e-06,123,4
1.6e-09,1.6e-06,124,2
1.6e-09,1.6e-06,126,2
1.6e-09,1.6e-06,127,1
1.6e-09,1.6e-06,128,2
1.6e-09,1.6e-06,129,1
1.6e-09,1.6e-06,130,1
1.6e-09,1.6e-06,132,3
1.6e-09,1.6e-06,133,1
1.6e-09,1.6e-06,134,2
1.6e-09,1.6e-06,135,1
1.6e-09,1.6e-06,136,2
1.6e-09,1.6e-06,137,3
1.6e-09,1.6e-06,138,2
1.6e-09,1.6e-06,139,4
1.6e-09,1.6e-06,140,2
1.6e-09,1.6e-06,142,1
1.6e-09,1.6e-06,144,3
1.6e-09,1.6e-06,145,2
1.6e-09,1.6e-06,146,1
1.6e-09,1.6e-06,147,5
1.6e-09,1.6e-06,148,1
1.6e-09,1.6e-06,149,4
1.6e-09,1.6e-06,151,1
1.6e-09,1.6e-06,152,1
1.6e-09,1.6e-06,153,1
1.6e-09,1.6e-06,155,2
1.6e-09,1.6e-06,158,1
1.6e-09,1.6e-06,161,1
1.6e-09,1.6e-06,162,2
1.6e-09,1.6e-06,163,3
1.6e-09,1.6e-06,165,2
1.6e-09,1.6e-06,166,1
1.6e-09,1.6e-06,167,1
1.6e-09,1.6e-06,168,2
1.6e-09,1.6e-06,169,1
1.6e-09,1.6e-06,171,2
1.6e-09,1.6e-06,173,1
1.6e-09,1.6e-06,174,2
1.6e-09,1.6e-06,175,1
1.6e-09,1.6e-06,176,1
1.6e-09,1.6e-06,177,2
1.6e-09,1.6e-06,178,1
1.6e-09,1.6e-06,180,2
1.6e-09,1.6e-06,181,3
1.6e-09,1.6e-06,182,1
1.6e-09,1.6e-06,185,1
1.6e-09,1.6e-06,186,1
1.6e-09,1.6e-06,187,2
1.6e-09,1.6e-06,190,4
1.6e-09,1.6e-06,191,1
1.6e-09,1.6e-06,195,2
1.6e-09,1.6e-06,196,2
1.6e-09,1.6e-06,197,1
1.6e-09,1.6e-06,198,3
1.6e-09,1.6e-06,202,1
1.6e-09,1.6e-06,204,1
1.6e-09,1.6e-06,205,1
1.6e-09,1.6e-06,209,2
1.6e-09,1.6e-06,211,1
1.6e-09,1.6e-06,212,2
1.6e-09,1.6e-06,214,2
1.6e-09,1.6e-06,217,1
1.6e-09,1.6e-06,218,2
1.6e-09,1.6e-06,223,1
1.6e-09,1.6e-06,225,1
1.6e-09,1.6e-06,226,1
1.6e-09,1.6e-06,227,1
1.6e-09,1.6e-06,229,1
1.6e-09,1.6e-06,230,1
1.6e-09,1.6e-06,232,1
1.6e-09,1.6e-06,233,1
1.6e-09,1.6e-06,234,2
1.6e-09,1.6e-06,235,2
1.6e-09,1.6e-06,236,1
1.6e-09,1.6e-06,239,1
1.6e-09,1.6e-06,246,1
1.6e-09,1.6e-06,248,1
1.6e-09,1.6e-06,249,2
1.6e-09,1.6e-06,250,1
1.6e-09,1.6e-06,251,3
1.6e-09,1.6e-06,255,1
1.6e-09,1.6e-06,256,1
1.6e-09,1.6e-06,257,2
1.6e-09,1.6e-06,258,1
1.6e-09,1.6e-06,259,1
1.6e-09,1.6e-06,260,1
1.6e-09,1.6e-06,261,1
1.6e-09,1.6e-06,265,1
1.6e-09,1.6e-06,267,1
1.6e-09,1.6e-06,268,1
1.6e-09,1.6e-06,269,1
1.6e-09,1.6e-06,270,2
1.6e-09,1.6e-06,271,1
1.6e-09,1.6e-06,273,1
1.6e-09,1.6e-06,274,1
1.6e-09,1.6e-06,275,1
1.6e-09,1.6e-06,277,1
1.6e-09,1.6e-06,279,1
1.6e-09,1.6e-06,284,1
1.6e-09,1.6e-06,285,1
1.6e-09,1.6e-06,287,1
1.6e-09,1.6e-06,288,1
1.6e-09,1.6e-06,291,1
1.6e-09,1.6e-06,293,1
1.6e-09,1.6e-06,294,2
1.6e-09,1.6e-06,297,1
1.6e-09,1.6e-06,299,1
1.6e-09,1.6e-06,305,3
1.6e-09,1.6e-06,307,1
1.6e-09,1.6e-06,311,1
1.6e-09,1.6e-06,312,1
1.6e-09,1.6e-06,316,1
1.6e-09,1.6e-06,319,1
1.6e-09,1.6e-06,330,1
1.6e-09,1.6e-06,332,1
1.6e-09,1.6e-06,337,1
1.6e-09,1.6e-06,338,1
1.6e-09,1.6e-06,344,1
1.6e-09,1.6e-06,349,1
1.6e-09,1.6e-06,357,1
1.6e-09,1.6e-06,360,2
1.6e-09,1.6e-06,361,1
1.6e-09,1.6e-06,366,2
1.6e-09,1.6e-06,380,1
1.6e-09,1.6e-06,382,1
1.6e-09,1.6e-06,387,1
1.6e-09,1.6e-06,397,1
1.6e-09,1.6e-06,398,1
1.6e-09,1.6e-06,403,1
1.6e-09,1.6e-06,404,1
1.6e-09,1.6e-06,409,1
1.6e-09,1.6e-06,411,1
1.6e-09,1.6e-06,417,1
1.6e-09,1.6e-06,421,1
1.6e-09,1.6e-06,431,1
1.6e-09,1.6e-06,443,1
1.6e-09,1.6e-06,457,1
1.6e-09,1.6e-06,463,1
1.6e-09,1.6e-06,469,1
1.6e-09,1.6e-06,472,1
1.6e-09,1.6e-06,480,1
1.6e-09,1.6e-06,481,1
1.6e-09,1.6e-06,491,1
1.6e-09,1.6e-06,502,1
1.6e-09,1.6e-06,503,1
1.6e-09,1.6e-06,512,1
1.6e-09,1.6e-06,519,1
1.6e-09,1.6e-06,526,2
1.6e-09,1.6e-06,528,1
1.6e-09,1.6e-06,530,2
1.6e-09,1.6e-06,532,1
1.6e-09,1.6e-06,536,1
1.6e-09,1.6e-06,537,1
1.6e-09,1.6e-06,538,1
1.6e-09,1.6e-06,550,1
1.6e-09,1.6e-06,551,1
1.6e-09,1.6e-06,553,2
1.6e-09,1.6e-06,555,1
1.6e-09,1.6e-06,567,2
1.6e-09,1.6e-06,585,1
1.6e-09,1.6e-06,587,1
1.6e-09,1.6e-06,588,1
1.6e-09,1.6e-06,593,1
1.6e-09,1.6e-06,621,1
1.6e-09,1.6e-06,629,2
1.6e-09,1.6e-06,636,1
1.6e-09,1.6e-06,647,1
1.6e-09,1.6e-06,649,1
1.6e-09,1.6e-06,650,1
1.6e-09,1.6e-06,661,1
1.6e-09,1.6e-06,674,1
1.6e-09,1.6e-06,695,1
1.6e-09,1.6e-06,727,1
1.6e-09,1.6e-06,737,1
1.6e-09,1.6e-06,745,1
1.6e-09,1.6e-06,761,1
1.6e-09,1.6e-06,784,1
1.6e-09,1.6e-06,792,1
1.6e-09,1.6e-06,796,2
1.6e-09,1.6e-06,806,1
1.6e-09,1.6e-06,826,1
1.6e-09,1.6e-06,827,1
1.6e-09,1.6e-06,829,1
1.6e-09,1.6e-06,852,1
1.6e-09,1.6e-06,859,1
1.6e-09,1.6e-06,891,1
1.6e-09,1.6e-06,896,1
1.6e-09,1.6e-06,898,1
1.6e-09,1.6e-06,900,1
1.6e-09,1.6e-06,916,1
1.6e-09,1.6e-06,920,1
1.6e-09,1.6e-06,938,1
1.6e-09,1.6e-06,976,1
1.6e-09,1.6e-06,996,1
1.6e-09,1.6e-06,1007,1
1.6e-09,1.6e-06,1032,1
1.6e-09,1.6e-06,1081,1
1.6e-09,1.6e-06,1155,1
1.6e-09,1.6e-06,1188,1
1.6e-09,1.6e-06,1274,1
1.6e-09,1.6e-06,1565,1
1.6e-09,1.6e-06,1648,1
1.6e-09,1.6e-06,1724,1
1.6e-09,1.6e-06,2184,1
1.6e-09,1.6e-06,2202,1
1.6e-09,1.6e-06,2289,1
1.6e-09,1.6e-06,2353,1
1.6e-09,1.6e-06,2415,1
1.6e-09,1.6e-06,2539,1
1.6e-09,1.6e-06,2630,1
1.6e-09,1.6e-06,2754,1
1.6e-09,1.6e-06,2780,1
1.6e-09,1.6e-06,2953,1
1.6e-09,1.6e-06,3250,1
1.6e-09,1.6e-06,3444,1
1.6e-09,1.6e-06,3563,1
1.6e-09,1.6e-06,3585,1
1.6e-09,1.6e-06,4088,1
1.6e-09,1.6e-06,6511,1
1.6e-09,1.6e-06,8489,1
1.6e-09,1.6e-06,8694,1
1.6e-09,1.6e-06,12618,1
1.6e-09,1.6e-06,12685,1
1.6e-09,1.6e-06,12793,1
1.6e-09,1.6e-06,15150,1
1.6e-09,1.6e-06,17777,1
1.6e-09,1.6e-06,51458,1
1.6e-09,1.6e-06,95119,1
1.6e-09,1.6e-06,127663,1
1.6e-09,1.6e-06,191633,1
1.6e-09,1.6e-06,270350,1
1.6e-09,1.6e-06,335651,1
1.6e-09,1.6e-06,805300,1
1.6e-09,1.6e-06,1299200,1
1.6e-09,1.6e-06,1310467,1
1.6e-09,1.6e-06,1686390,1
1.6e-09,1.6e-06,1770736,1
1.6e-09,1.6e-06,1824759,1
1.6e-09,1.6e-06,1894334,1
1.6e-09,1.6e-06,2271635,1
1.6e-09,1.6e-06,2405250,1
1.6e-09,1.6e-06,2611262,1
1.6e-09,1.6e-06,3041547,1
1.6e-09,1.6e-06,3051151,1
1.6e-09,1.6e-06,4889103,1
1.6e-09,1.6e-06,5175125,1
1.6e-09,1.6e-06,5179414,1
1.6e-09,1.6e-06,5430469,1
1.6e-09,1.6e-06,5593433,1
1.6e-09,1.6e-06,6545536,1
1.6e-09,1.6e-06,6669323,1
1.6e-09,1.6e-06,6681741,1
1.6e-09,1.6e-06,6762657,1
1.6e-09,1.6e-06,6770984,1
1.6e-09,1.6e-06,6771040,1
1.6e-09,1.6e-06,6771234,1
1.6e-09,1.6e-06,6771478,1
1.6e-09,1.6e-06,6771522,1
1.6e-09,1.6e-06,6771790,1
1.6e-09,1.6e-06,6771972,1
1.6e-09,5e-06,0,93458
1.6e-09,5e-06,1,2018
1.6e-09,5e-06,2,785
1.6e-09,5e-06,3,528
1.6e-09,5e-06,4,402
1.6e-09,5e-06,5,275
1.6e-09,5e-06,6,189
1.6e-09,5e-06,7,177
1.6e-09,5e-06,8,143
1.6e-09,5e-06,9,116
1.6e-09,5e-06,10,107
1.6e-09,5e-06,11,103
1.6e-09,5e-06,12,91
1.6e-09,5e-06,13,78
1.6e-09,5e-06,14,60
1.6e-09,5e-06,15,72
1.6e-09,5e-06,16,51
1.6e-09,5e-06,17,57
1.6e-09,5e-06,18,45
1.6e-09,5e-06,19,44
1.6e-09,5e-06,20,38
1.6e-09,5e-06,21,30
1.6e-09,5e-06,22,36
1.6e-09,5e-06,23,40
1.6e-09,5e-06,24,31
1.6e-09,5e-06,25,21
1.6e-09,5e-06,26,25
1.6e-09,5e-06,27,24
1.6e-09,5e-06,28,26
1.6e-09,5e-06,29,21
1.6e-09,5e-06,30,25
1.6e-09,5e-06,31,14
1.6e-09,5e-06,32,20
1.6e-09,5e-06,33,21
1.6e-09,5e-06,34,22
1.6e-09,5e-06,35,14
1.6e-09,5e-06,36,18
1.6e-09,5e-06,37,11
1.6e-09,5e-06,38,21
1.6e-09,5e-06,39,11
1.6e-09,5e-06,40,13
1.6e-09,5e-06,41,17
1.6e-09,5e-06,42,14
1.6e-09,5e-06,43,16
1.6e-09,5e-06,44,13
1.6e-09,5e-06,45,13
1.6e-09,5e-06,46,9
1.6e-09,5e-06,47,4
1.6e-09,5e-06,48,5
1.6e-09,5e-06,49,18
1.6e-09,5e-06,50,8
1.6e-09,5e-06,51,9
1.6e-09,5e-06,52,7
1.6e-09,5e-06,53,9
1.6e-09,5e-06,54,12
1.6e-09,5e-06,55,11
1.6e-09,5e-06,56,12
1.6e-09,5e-06,57,12
1.6e-09,5e-06,58,6
1.6e-09,5e-06,59,13
1.6e-09,5e-06,60,13
1.6e-09,5e-06,61,8
1.6e-09,5e-06,62,5
1.6e-09,5e-06,63,5
1.6e-09,5e-06,64,10
1.6e-09,5e-06,65,5
1.6e-09,5e-06,66,7
1.6e-09,5e-06,67,2
1.6e-09,5e-06,68,2
1.6e-09,5e-06,69,9
1.6e-09,5e-06,70,3
1.6e-09,5e-06,71,5
1.6e-09,5e-06,72,8
1.6e-09,5e-06,73,4
1.6e-09,5e-06,74,4
1.6e-09,5e-06,75,5
1.6e-09,5e-06,76,5
1.6e-09,5e-06,77,8
1.6e-09,5e-06,78,3
1.6e-09,5e-06,79,6
1.6e-09,5e-06,80,6
1.6e-09,5e-06,81,4
1.6e-09,5e-06,82,3
1.6e-09,5e-06,83,5
1.6e-09,5e-06,84,5
1.6e-09,5e-06,85,8
1.6e-09,5e-06,86,3
1.6e-09,5e-06,87,1
1.6e-09,5e-06,89,2
1.6e-09,5e-06,90,4
1.6e-09,5e-06,91,4
1.6e-09,5e-06,92,4
1.6e-09,5e-06,94,1
1.6e-09,5e-06,95,2
1.6e-09,5e-06,96,2
1.6e-09,5e-06,97,2
1.6e-09,5e-06,98,5
1.6e-09,5e-06,99,4
1.6e-09,5e-06,100,4
1.6e-09,5e-06,101,2
1.6e-09,5e-06,103,2
1.6e-09,5e-06,104,3
1.6e-09,5e-06,106,2
1.6e-09,5e-06,107,2
1.6e-09,5e-06,108,3
1.6e-09,5e-06,109,4
1.6e-09,5e-06,110,2
1.6e-09,5e-06,111,2
1.6e-09,5e-06,112,4
1.6e-09,5e-06,113,3
1.6e-09,5e-06,114,1
1.6e-09,5e-06,115,2
1.6e-09,5e-06,116,3
1.6e-09,5e-06,117,1
1.6e-09,5e-06,118,3
1.6e-09,5e-06,120,3
1.6e-09,5e-06,121,1
1.6e-09,5e-06,122,1
1.6e-09,5e-06,123,1
1.6e-09,5e-06,126,1
1.6e-09,5e-06,127,1
1.6e-09,5e-06,128,5
1.6e-09,5e-06,129,1
1.6e-09,5e-06,130,2
1.6e-09,5e-06,131,1
1.6e-09,5e-06,132,3
1.6e-09,5e-06,134,3
1.6e-09,5e-06,135,3
1.6e-09,5e-06,136,1
1.6e-09,5e-06,137,1
1.6e-09,5e-06,139,4
1.6e-09,5e-06,140,1
1.6e-09,5e-06,141,3
1.6e-09,5e-06,143,1
1.6e-09,5e-06,144,3
1.6e-09,5e-06,145,1
1.6e-09,5e-06,147,2
1.6e-09,5e-06,149,2
1.6e-09,5e-06,150,2
1.6e-09,5e-06,151,1
1.6e-09,5e-06,152,5
1.6e-09,5e-06,153,1
1.6e-09,5e-06,155,1
1.6e-09,5e-06,156,1
1.6e-09,5e-06,157,2
1.6e-09,5e-06,158,1
1.6e-09,5e-06,159,1
1.6e-09,5e-06,162,1
1.6e-09,5e-06,163,2
1.6e-09,5e-06,164,1
1.6e-09,5e-06,165,1
1.6e-09,5e-06,166,1
1.6e-09,5e-06,167,1
1.6e-09,5e-06,169,1
1.6e-09,5e-06,171,1
1.6e-09,5e-06,173,1
1.6e-09,5e-06,176,2
1.6e-09,5e-06,179,2
1.6e-09,5e-06,180,1
1.6e-09,5e-06,181,1
1.6e-09,5e-06,182,1
1.6e-09,5e-06,184,2
1.6e-09,5e-06,185,4
1.6e-09,5e-06,186,3
1.6e-09,5e-06,187,1
1.6e-09,5e-06,188,1
1.6e-09,5e-06,189,1
1.6e-09,5e-06,190,1
1.6e-09,5e-06,191,1
1.6e-09,5e-06,192,2
1.6e-09,5e-06,193,1
1.6e-09,5e-06,195,1
1.6e-09,5e-06,197,1
1.6e-09,5e-06,198,1
1.6e-09,5e-06,199,1
1.6e-09,5e-06,200,2
1.6e-09,5e-06,202,2
1.6e-09,5e-06,204,1
1.6e-09,5e-06,207,1
1.6e-09,5e-06,208,2
1.6e-09,5e-06,209,1
1.6e-09,5e-06,210,2
1.6e-09,5e-06,214,1
1.6e-09,5e-06,215,1
1.6e-09,5e-06,216,1
1.6e-09,5e-06,227,3
1.6e-09,5e-06,229,1
1.6e-09,5e-06,230,1
1.6e-09,5e-06,231,1
1.6e-09,5e-06,241,1
1.6e-09,5e-06,243,1
1.6e-09,5e-06,248,1
1.6e-09,5e-06,249,1
1.6e-09,5e-06,251,2
1.6e-09,5e-06,252,1
1.6e-09,5e-06,253,1
1.6e-09,5e-06,258,1
1.6e-09,5e-06,259,1
1.6e-09,5e-06,260,2
1.6e-09,5e-06,262,1
1.6e-09,5e-06,264,1
1.6e-09,5e-06,266,1
1.6e-09,5e-06,268,1
1.6e-09,5e-06,272,1
1.6e-09,5e-06,283,2
1.6e-09,5e-06,285,1
1.6e-09,5e-06,286,1
1.6e-09,5e-06,296,1
1.6e-09,5e-06,299,1
1.6e-09,5e-06,302,1
1.6e-09,5e-06,309,1
1.6e-09,5e-06,312,1
1.6e-09,5e-06,315,1
1.6e-09,5e-06,319,1
1.6e-09,5e-06,331,1
1.6e-09,5e-06,335,1
1.6e-09,5e-06,344,1
1.6e-09,5e-06,346,1
1.6e-09,5e-06,348,1
1.6e-09,5e-06,349,2
1.6e-09,5e-06,351,1
1.6e-09,5e-06,352,2
1.6e-09,5e-06,355,1
1.6e-09,5e-06,362,1
1.6e-09,5e-06,365,1
1.6e-09,5e-06,372,1
1.6e-09,5e-06,378,1
1.6e-09,5e-06,379,2
1.6e-09,5e-06,380,1
1.6e-09,5e-06,390,1
1.6e-09,5e-06,402,2
1.6e-09,5e-06,405,1
1.6e-09,5e-06,412,1
1.6e-09,5e-06,413,1
1.6e-09,5e-06,415,1
1.6e-09,5e-06,420,1
1.6e-09,5e-06,425,2
1.6e-09,5e-06,429,1
1.6e-09,5e-06,433,1
1.6e-09,5e-06,437,1
1.6e-09,5e-06,444,1
1.6e-09,5e-06,449,1
1.6e-09,5e-06,464,1
1.6e-09,5e-06,482,1
1.6e-09,5e-06,494,1
1.6e-09,5e-06,495,1
1.6e-09,5e-06,496,1
1.6e-09,5e-06,525,1
1.6e-09,5e-06,535,1
1.6e-09,5e-06,548,1
1.6e-09,5e-06,549,1
1.6e-09,5e-06,582,1
1.6e-09,5e-06,598,1
1.6e-09,5e-06,607,1
1.6e-09,5e-06,637,1
1.6e-09,5e-06,660,1
1.6e-09,5e-06,665,1
1.6e-09,5e-06,690,1
1.6e-09,5e-06,694,1
1.6e-09,5e-06,699,1
1.6e-09,5e-06,701,1
1.6e-09,5e-06,710,1
1.6e-09,5e-06,712,1
1.6e-09,5e-06,720,1
1.6e-09,5e-06,742,1
1.6e-09,5e-06,748,1
1.6e-09,5e-06,790,1
1.6e-09,5e-06,839,1
1.6e-09,5e-06,882,1
1.6e-09,5e-06,885,1
1.6e-09,5e-06,925,1
1.6e-09,5e-06,928,1
1.6e-09,5e-06,935,2
1.6e-09,5e-06,975,1
1.6e-09,5e-06,983,1
1.6e-09,5e-06,1051,1
1.6e-09,5e-06,1060,1
1.6e-09,5e-06,1067,1
1.6e-09,5e-06,1099,1
1.6e-09,5e-06,1108,1
1.6e-09,5e-06,1133,1
1.6e-09,5e-06,1143,1
1.6e-09,5e-06,1180,1
1.6e-09,5e-06,1232,1
1.6e-09,5e-06,1240,1
1.6e-09,5e-06,1291,1
1.6e-09,5e-06,1332,1
1.6e-09,5e-06,1352,1
1.6e-09,5e-06,1404,1
1.6e-09,5e-06,1419,1
1.6e-09,5e-06,1477,1
1.6e-09,5e-06,1675,1
1.6e-09,5e-06,1699,1
1.6e-09,5e-06,1833,1
1.6e-09,5e-06,1848,1
1.6e-09,5e-06,1880,1
1.6e-09,5e-06,2028,1
1.6e-09,5e-06,2049,1
1.6e-09,5e-06,2133,1
1.6e-09,5e-06,2179,1
1.6e-09,5e-06,2304,1
1.6e-09,5e-06,2320,1
1.6e-09,5e-06,2604,1
1.6e-09,5e-06,2785,1
1.6e-09,5e-06,2972,1
1.6e-09,5e-06,2977,1
1.6e-09,5e-06,3031,1
1.6e-09,5e-06,3204,1
1.6e-09,5e-06,3678,1
1.6e-09,5e-06,4597,1
1.6e-09,5e-06,4877,1
1.6e-09,5e-06,5226,1
1.6e-09,5e-06,7478,1
1.6e-09,5e-06,9240,1
1.6e-09,5e-06,27306,1
1.6e-09,5e-06,33766,1
1.6e-09,5e-06,55794,1
1.6e-09,5e-06,157663,1
1.6e-09,5e-06,661486,1
1.6e-09,5e-06,764593,1
1.6e-09,5e-06,780182,1
1.6e-09,5e-06,836447,1
1.6e-09,5e-06,954782,1
1.6e-09,5e-06,1199379,1
1.6e-09,5e-06,1266156,1
1.6e-09,5e-06,1550029,1
1.6e-09,5e-06,1771733,1
1.6e-09,5e-06,2221067,1
1.6e-09,5e-06,2494548,1
1.6e-09,5e-06,3616648,1
1.6e-09,5e-06,3674421,1
1.6e-09,5e-06,3724935,1
1.6e-09,5e-06,4176087,1
1.6e-09,5e-06,4537304,1
1.6e-09,5e-06,4787112,1
1.6e-09,5e-06,4840141,1
1.6e-09,5e-06,5464792,1
1.6e-09,5e-06,5794318,1
1.6e-09,5e-06,5991519,1
1.6e-09,5e-06,6091640,1
1.6e-09,5e-06,6738209,1
1.6e-09,5e-06,6761383,1
1.6e-09,5e-06,6766946,1
1.6e-09,5e-06,6767918,1
1.6e-09,5e-06,6768775,1
1.6e-09,5e-06,6769170,1
1.6e-09,5e-06,6769671,1
1.6e-09,5e-06,6770157,1
1.6e-09,1.6e-05,0,93327
1.6e-09,1.6e-05,1,2070
1.6e-09,1.6e-05,2,801
1.6e-09,1.6e-05,3,567
1.6e-09,1.6e-05,4,347
1.6e-09,1.6e-05,5,275
1.6e-09,1.6e-05,6,236
1.6e-09,1.6e-05,7,169
1.6e-09,1.6e-05,8,160
1.6e-09,1.6e-05,9,123
1.6e-09,1.6e-05,10,94
1.6e-09,1.6e-05,11,86
1.6e-09,1.6e-05,12,100
1.6e-09,1.6e-05,13,78
1.6e-09,1.6e-05,14,58
1.6e-09,1.6e-05,15,57
1.6e-09,1.6e-05,16,60
1.6e-09,1.6e-05,17,56
1.6e-09,1.6e-05,18,50
1.6e-09,1.6e-05,19,37
1.6e-09,1.6e-05,20,44
1.6e-09,1.6e-05,21,38
1.6e-09,1.6e-05,22,34
1.6e-09,1.6e-05,23,32
1.6e-09,1.6e-05,24,38
1.6e-09,1.6e-05,25,28
1.6e-09,1.6e-05,26,32
1.6e-09,1.6e-05,27,22
1.6e-09,1.6e-05,28,39
1.6e-09,1.6e-05,29,23
1.6e-09,1.6e-05,30,24
1.6e-09,1.6e-05,31,15
1.6e-09,1.6e-05,32,16
1.6e-09,1.6e-05,33,18
1.6e-09,1.6e-05,34,14
1.6e-09,1.6e-05,35,18
1.6e-09,1.6e-05,36,21
1.6e-09,1.6e-05,37,17
1.6e-09,1.6e-05,38,17
1.6e-09,1.6e-05,39,16
1.6e-09,1.6e-05,40,10
1.6e-09,1.6e-05,41,18
1.6e-09,1.6e-05,42,9
1.6e-09,1.6e-05,43,10
1.6e-09,1.6e-05,44,15
1.6e-09,1.6e-05,45,14
1.6e-09,1.6e-05,46,11
1.6e-09,1.6e-05,47,8
1.6e-09,1.6e-05,48,15
1.6e-09,1.6e-05,49,9
1.6e-09,1.6e-05,50,14
1.6e-09,1.6e-05,51,13
1.6e-09,1.6e-05,52,9
1.6e-09,1.6e-05,53,6
1.6e-09,1.6e-05,54,8
1.6e-09,1.6e-05,55,11
1.6e-09,1.6e-05,56,4
1.6e-09,1.6e-05,57,7
1.6e-09,1.6e-05,58,7
1.6e-09,1.6e-05,59,6
1.6e-09,1.6e-05,60,4
1.6e-09,1.6e-05,61,8
1.6e-09,1.6e-05,62,9
1.6e-09,1.6e-05,63,7
1.6e-09,1.6e-05,64,3
1.6e-09,1.6e-05,65,6
1.6e-09,1.6e-05,66,8
1.6e-09,1.6e-05,67,7
1.6e-09,1.6e-05,68,5
1.6e-09,1.6e-05,69,5
1.6e-09,1.6e-05,70,2
1.6e-09,1.6e-05,71,5
1.6e-09,1.6e-05,72,1
1.6e-09,1.6e-05,73,5
1.6e-09,1.6e-05,74,5
1.6e-09,1.6e-05,75,4
1.6e-09,1.6e-05,76,3
1.6e-09,1.6e-05,77,2
1.6e-09,1.6e-05,78,9
1.6e-09,1.6e-05,79,1
1.6e-09,1.6e-05,80,6
1.6e-09,1.6e-05,81,2
1.6e-09,1.6e-05,82,5
1.6e-09,1.6e-05,83,3
1.6e-09,1.6e-05,84,6
1.6e-09,1.6e-05,85,6
1.6e-09,1.6e-05,86,1
1.6e-09,1.6e-05,87,4
1.6e-09,1.6e-05,88,4
1.6e-09,1.6e-05,89,3
1.6e-09,1.6e-05,90,1
1.6e-09,1.6e-05,92,5
1.6e-09,1.6e-05,93,3
1.6e-09,1.6e-05,94,2
1.6e-09,1.6e-05,95,4
1.6e-09,1.6e-05,96,3
1.6e-09,1.6e-05,97,2
1.6e-09,1.6e-05,98,4
1.6e-09,1.6e-05,99,3
1.6e-09,1.6e-05,100,2
1.6e-09,1.6e-05,101,9
1.6e-09,1.6e-05,102,4
1.6e-09,1.6e-05,103,5
1.6e-09,1.6e-05,104,4
1.6e-09,1.6e-05,105,4
1.6e-09,1.6e-05,106,6
1.6e-09,1.6e-05,107,2
1.6e-09,1.6e-05,108,4
1.6e-09,1.6e-05,109,5
1.6e-09,1.6e-05,110,4
1.6e-09,1.6e-05,112,4
1.6e-09,1.6e-05,113,3
1.6e-09,1.6e-05,115,2
1.6e-09,1.6e-05,117,3
1.6e-09,1.6e-05,119,2
1.6e-09,1.6e-05,120,3
1.6e-09,1.6e-05,121,3
1.6e-09,1.6e-05,122,1
1.6e-09,1.6e-05,123,3
1.6e-09,1.6e-05,124,2
1.6e-09,1.6e-05,126,1
1.6e-09,1.6e-05,127,1
1.6e-09,1.6e-05,128,1
1.6e-09,1.6e-05,129,2
1.6e-09,1.6e-05,130,1
1.6e-09,1.6e-05,132,5
1.6e-09,1.6e-05,133,1
1.6e-09,1.6e-05,135,1
1.6e-09,1.6e-05,136,1
1.6e-09,1.6e-05,137,2
1.6e-09,1.6e-05,138,6
1.6e-09,1.6e-05,139,2
1.6e-09,1.6e-05,140,2
1.6e-09,1.6e-05,141,1
1.6e-09,1.6e-05,144,1
1.6e-09,1.6e-05,145,1
1.6e-09,1.6e-05,146,4
1.6e-09,1.6e-05,147,2
1.6e-09,1.6e-05,149,1
1.6e-09,1.6e-05,150,2
1.6e-09,1.6e-05,151,4
1.6e-09,1.6e-05,152,2
1.6e-09,1.6e-05,154,2
1.6e-09,1.6e-05,155,1
1.6e-09,1.6e-05,156,3
1.6e-09,1.6e-05,157,1
1.6e-09,1.6e-05,158,3
1.6e-09,1.6e-05,159,3
1.6e-09,1.6e-05,160,3
1.6e-09,1.6e-05,161,2
1.6e-09,1.6e-05,162,1
1.6e-09,1.6e-05,163,1
1.6e-09,1.6e-05,164,1
1.6e-09,1.6e-05,165,1
1.6e-09,1.6e-05,166,1
1.6e-09,1.6e-05,167,1
1.6e-09,1.6e-05,168,2
1.6e-09,1.6e-05,171,1
1.6e-09,1.6e-05,173,2
1.6e-09,1.6e-05,174,1
1.6e-09,1.6e-05,175,3
1.6e-09,1.6e-05,176,1
1.6e-09,1.6e-05,178,1
1.6e-09,1.6e-05,179,2
1.6e-09,1.6e-05,181,1
1.6e-09,1.6e-05,182,1
1.6e-09,1.6e-05,184,2
1.6e-09,1.6e-05,185,1
1.6e-09,1.6e-05,186,1
1.6e-09,1.6e-05,193,2
1.6e-09,1.6e-05,195,2
1.6e-09,1.6e-05,198,1
1.6e-09,1.6e-05,199,1
1.6e-09,1.6e-05,201,2
1.6e-09,1.6e-05,202,3
1.6e-09,1.6e-05,203,1
1.6e-09,1.6e-05,204,1
1.6e-09,1.6e-05,207,3
1.6e-09,1.6e-05,208,2
1.6e-09,1.6e-05,209,3
1.6e-09,1.6e-05,212,1
1.6e-09,1.6e-05,215,1
1.6e-09,1.6e-05,216,1
1.6e-09,1.6e-05,217,2
1.6e-09,1.6e-05,218,1
1.6e-09,1.6e-05,219,1
1.6e-09,1.6e-05,220,1
1.6e-09,1.6e-05,225,1
1.6e-09,1.6e-05,226,2
1.6e-09,1.6e-05,231,1
1.6e-09,1.6e-05,232,1
1.6e-09,1.6e-05,237,2
1.6e-09,1.6e-05,238,1
1.6e-09,1.6e-05,239,2
1.6e-09,1.6e-05,240,1
1.6e-09,1.6e-05,241,2
1.6e-09,1.6e-05,242,1
1.6e-09,1.6e-05,245,1
1.6e-09,1.6e-05,247,1
1.6e-09,1.6e-05,252,3
1.6e-09,1.6e-05,253,1
1.6e-09,1.6e-05,254,1
1.6e-09,1.6e-05,255,1
1.6e-09,1.6e-05,257,1
1.6e-09,1.6e-05,259,1
1.6e-09,1.6e-05,269,1
1.6e-09,1.6e-05,273,1
1.6e-09,1.6e-05,275,2
1.6e-09,1.6e-05,276,1
1.6e-09,1.6e-05,281,1
1.6e-09,1.6e-05,283,2
1.6e-09,1.6e-05,284,2
1.6e-09,1.6e-05,285,1
1.6e-09,1.6e-05,288,1
1.6e-09,1.6e-05,289,1
1.6e-09,1.6e-05,290,1
1.6e-09,1.6e-05,292,1
1.6e-09,1.6e-05,293,1
1.6e-09,1.6e-05,295,1
1.6e-09,1.6e-05,299,1
1.6e-09,1.6e-05,302,1
1.6e-09,1.6e-05,303,1
1.6e-09,1.6e-05,308,1
1.6e-09,1.6e-05,310,1
1.6e-09,1.6e-05,311,1
1.6e-09,1.6e-05,313,1
1.6e-09,1.6e-05,321,1
1.6e-09,1.6e-05,322,1
1.6e-09,1.6e-05,325,2
1.6e-09,1.6e-05,333,1
1.6e-09,1.6e-05,336,1
1.6e-09,1.6e-05,342,1
1.6e-09,1.6e-05,343,1
1.6e-09,1.6e-05,347,1
1.6e-09,1.6e-05,348,1
1.6e-09,1.6e-05,349,1
1.6e-09,1.6e-05,351,2
1.6e-09,1.6e-05,356,2
1.6e-09,1.6e-05,364,2
1.6e-09,1.6e-05,365,1
1.6e-09,1.6e-05,366,2
1.6e-09,1.6e-05,369,1
1.6e-09,1.6e-05,382,1
1.6e-09,1.6e-05,383,1
1.6e-09,1.6e-05,385,2
1.6e-09,1.6e-05,387,1
1.6e-09,1.6e-05,395,1
1.6e-09,1.6e-05,402,1
1.6e-09,1.6e-05,403,1
1.6e-09,1.6e-05,413,1
1.6e-09,1.6e-05,451,1
1.6e-09,1.6e-05,466,2
1.6e-09,1.6e-05,467,1
1.6e-09,1.6e-05,469,1
1.6e-09,1.6e-05,471,1
1.6e-09,1.6e-05,497,1
1.6e-09,1.6e-05,512,1
1.6e-09,1.6e-05,522,1
1.6e-09,1.6e-05,524,1
1.6e-09,1.6e-05,543,2
1.6e-09,1.6e-05,544,1
1.6e-09,1.6e-05,549,1
1.6e-09,1.6e-05,553,1
1.6e-09,1.6e-05,563,1
1.6e-09,1.6e-05,566,1
1.6e-09,1.6e-05,567,1
1.6e-09,1.6e-05,568,1
1.6e-09,1.6e-05,581,1
1.6e-09,1.6e-05,600,1
1.6e-09,1.6e-05,607,1
1.6e-09,1.6e-05,663,1
1.6e-09,1.6e-05,670,1
1.6e-09,1.6e-05,682,1
1.6e-09,1.6e-05,685,1
1.6e-09,1.6e-05,698,1
1.6e-09,1.6e-05,699,1
1.6e-09,1.6e-05,703,1
1.6e-09,1.6e-05,735,1
1.6e-09,1.6e-05,747,1
1.6e-09,1.6e-05,769,1
1.6e-09,1.6e-05,790,1
1.6e-09,1.6e-05,819,1
1.6e-09,1.6e-05,823,1
1.6e-09,1.6e-05,826,1
1.6e-09,1.6e-05,853,1
1.6e-09,1.6e-05,868,1
1.6e-09,1.6e-05,875,1
1.6e-09,1.6e-05,903,1
1.6e-09,1.6e-05,907,1
1.6e-09,1.6e-05,914,1
1.6e-09,1.6e-05,939,1
1.6e-09,1.6e-05,942,1
1.6e-09,1.6e-05,1012,1
1.6e-09,1.6e-05,1017,1
1.6e-09,1.6e-05,1019,1
1.6e-09,1.6e-05,1076,1
1.6e-09,1.6e-05,1113,1
1.6e-09,1.6e-05,1168,1
1.6e-09,1.6e-05,1172,1
1.6e-09,1.6e-05,1197,1
1.6e-09,1.6e-05,1298,1
1.6e-09,1.6e-05,1320,1
1.6e-09,1.6e-05,1352,1
1.6e-09,1.6e-05,1404,1
1.6e-09,1.6e-05,1659,1
1.6e-09,1.6e-05,1664,1
1.6e-09,1.6e-05,1674,1
1.6e-09,1.6e-05,1677,1
1.6e-09,1.6e-05,2014,1
1.6e-09,1.6e-05,2189,1
1.6e-09,1.6e-05,2224,1
1.6e-09,1.6e-05,2259,1
1.6e-09,1.6e-05,2526,1
1.6e-09,1.6e-05,2716,1
1.6e-09,1.6e-05,2731,1
1.6e-09,1.6e-05,2761,1
1.6e-09,1.6e-05,2862,1
1.6e-09,1.6e-05,3030,1
1.6e-09,1.6e-05,3197,1
1.6e-09,1.6e-05,3359,1
1.6e-09,1.6e-05,7068,1
1.6e-09,1.6e-05,8900,1
1.6e-09,1.6e-05,11357,1
1.6e-09,1.6e-05,20374,1
1.6e-09,1.6e-05,23245,1
1.6e-09,1.6e-05,24383,1
1.6e-09,1.6e-05,31291,1
1.6e-09,1.6e-05,35764,1
1.6e-09,1.6e-05,68089,1
1.6e-09,1.6e-05,75678,1
1.6e-09,1.6e-05,87611,1
1.6e-09,1.6e-05,98835,1
1.6e-09,1.6e-05,105746,1
1.6e-09,1.6e-05,131482,1
1.6e-09,1.6e-05,142583,1
1.6e-09,1.6e-05,155359,1
1.6e-09,1.6e-05,202042,1
1.6e-09,1.6e-05,315264,1
1.6e-09,1.6e-05,329090,1
1.6e-09,1.6e-05,868095,1
1.6e-09,1.6e-05,1176132,1
1.6e-09,1.6e-05,1189329,1
1.6e-09,1.6e-05,1311871,1
1.6e-09,1.6e-05,1493728,1
1.6e-09,1.6e-05,1542300,1
1.6e-09,1.6e-05,1603448,1
1.6e-09,1.6e-05,3089287,1
1.6e-09,1.6e-05,3163515,1
1.6e-09,1.6e-05,5430811,1
1.6e-09,1.6e-05,6094604,1
1.6e-09,1.6e-05,6127464,1
1.6e-09,1.6e-05,6154466,1
1.6e-09,5e-05,0,93563
1.6e-09,5e-05,1,1942
1.6e-09,5e-05,2,751
1.6e-09,5e-05,3,544
1.6e-09,5e-05,4,344
1.6e-09,5e-05,5,286
1.6e-09,5e-05,6,210
1.6e-09,5e-05,7,172
1.6e-09,5e-05,8,146
1.6e-09,5e-05,9,123
1.6e-09,5e-05,10,125
1.6e-09,5e-05,11,109
1.6e-09,5e-05,12,75
1.6e-09,5e-05,13,72
1.6e-09,5e-05,14,81
1.6e-09,5e-05,15,58
1.6e-09,5e-05,16,45
1.6e-09,5e-05,17,50
1.6e-09,5e-05,18,46
1.6e-09,5e-05,19,37
1.6e-09,5e-05,20,48
1.6e-09,5e-05,21,28
1.6e-09,5e-05,22,35
1.6e-09,5e-05,23,43
1.6e-09,5e-05,24,31
1.6e-09,5e-05,25,34
1.6e-09,5e-05,26,33
1.6e-09,5e-05,27,26
1.6e-09,5e-05,28,20
1.6e-09,5e-05,29,21
1.6e-09,5e-05,30,18
1.6e-09,5e-05,31,19
1.6e-09,5e-05,32,19
1.6e-09,5e-05,33,18
1.6e-09,5e-05,34,17
1.6e-09,5e-05,35,19
1.6e-09,5e-05,36,12
1.6e-09,5e-05,37,20
1.6e-09,5e-05,38,20
1.6e-09,5e-05,39,13
1.6e-09,5e-05,40,12
1.6e-09,5e-05,41,13
1.6e-09,5e-05,42,9
1.6e-09,5e-05,43,10
1.6e-09,5e-05,44,11
1.6e-09,5e-05,45,10
1.6e-09,5e-05,46,11
1.6e-09,5e-05,47,13
1.6e-09,5e-05,48,12
1.6e-09,5e-05,49,13
1.6e-09,5e-05,50,9
1.6e-09,5e-05,51,12
1.6e-09,5e-05,52,10
1.6e-09,5e-05,53,9
1.6e-09,5e-05,54,7
1.6e-09,5e-05,55,9
1.6e-09,5e-05,56,4
1.6e-09,5e-05,57,5
1.6e-09,5e-05,58,6
1.6e-09,5e-05,59,8
1.6e-09,5e-05,60,7
1.6e-09,5e-05,61,3
1.6e-09,5e-05,62,9
1.6e-09,5e-05,63,6
1.6e-09,5e-05,64,3
1.6e-09,5e-05,65,4
1.6e-09,5e-05,66,11
1.6e-09,5e-05,67,5
1.6e-09,5e-05,68,8
1.6e-09,5e-05,69,8
1.6e-09,5e-05,70,5
1.6e-09,5e-05,71,4
1.6e-09,5e-05,72,6
1.6e-09,5e-05,73,5
1.6e-09,5e-05,74,5
1.6e-09,5e-05,75,6
1.6e-09,5e-05,76,3
1.6e-09,5e-05,77,3
1.6e-09,5e-05,78,4
1.6e-09,5e-05,79,4
1.6e-09,5e-05,80,9
1.6e-09,5e-05,81,6
1.6e-09,5e-05,82,1
1.6e-09,5e-05,83,4
1.6e-09,5e-05,84,3
1.6e-09,5e-05,85,9
1.6e-09,5e-05,86,3
1.6e-09,5e-05,87,3
1.6e-09,5e-05,88,4
1.6e-09,5e-05,89,7
1.6e-09,5e-05,90,5
1.6e-09,5e-05,91,4
1.6e-09,5e-05,92,4
1.6e-09,5e-05,93,8
1.6e-09,5e-05,94,4
1.6e-09,5e-05,95,2
1.6e-09,5e-05,96,2
1.6e-09,5e-05,97,6
1.6e-09,5e-05,98,2
1.6e-09,5e-05,99,4
1.6e-09,5e-05,100,3
1.6e-09,5e-05,101,2
1.6e-09,5e-05,102,3
1.6e-09,5e-05,103,3
1.6e-09,5e-05,105,3
1.6e-09,5e-05,106,3
1.6e-09,5e-05,107,3
1.6e-09,5e-05,108,2
1.6e-09,5e-05,110,2
1.6e-09,5e-05,111,1
1.6e-09,5e-05,112,1
1.6e-09,5e-05,113,1
1.6e-09,5e-05,114,2
1.6e-09,5e-05,115,1
1.6e-09,5e-05,116,1
1.6e-09,5e-05,117,1
1.6e-09,5e-05,118,1
1.6e-09,5e-05,119,3
1.6e-09,5e-05,120,2
1.6e-09,5e-05,121,6
1.6e-09,5e-05,122,1
1.6e-09,5e-05,123,2
1.6e-09,5e-05,124,4
1.6e-09,5e-05,126,1
1.6e-09,5e-05,128,2
1.6e-09,5e-05,130,3
1.6e-09,5e-05,131,4
1.6e-09,5e-05,132,2
1.6e-09,5e-05,133,2
1.6e-09,5e-05,134,2
1.6e-09,5e-05,135,1
1.6e-09,5e-05,136,1
1.6e-09,5e-05,138,1
1.6e-09,5e-05,139,1
1.6e-09,5e-05,140,2
1.6e-09,5e-05,141,2
1.6e-09,5e-05,142,4
1.6e-09,5e-05,143,4
1.6e-09,5e-05,144,1
1.6e-09,5e-05,145,1
1.6e-09,5e-05,146,3
1.6e-09,5e-05,147,1
1.6e-09,5e-05,148,3
1.6e-09,5e-05,149,1
1.6e-09,5e-05,151,1
1.6e-09,5e-05,152,4
1.6e-09,5e-05,155,1
1.6e-09,5e-05,156,1
1.6e-09,5e-05,157,4
1.6e-09,5e-05,158,1
1.6e-09,5e-05,159,4
1.6e-09,5e-05,160,1
1.6e-09,5e-05,161,1
1.6e-09,5e-05,162,2
1.6e-09,5e-05,163,2
1.6e-09,5e-05,165,2
1.6e-09,5e-05,166,1
1.6e-09,5e-05,168,3
1.6e-09,5e-05,170,1
1.6e-09,5e-05,172,1
1.6e-09,5e-05,174,1
1.6e-09,5e-05,175,4
1.6e-09,5e-05,176,1
1.6e-09,5e-05,177,3
1.6e-09,5e-05,179,1
1.6e-09,5e-05,180,1
1.6e-09,5e-05,181,3
1.6e-09,5e-05,185,1
1.6e-09,5e-05,186,1
1.6e-09,5e-05,193,1
1.6e-09,5e-05,194,1
1.6e-09,5e-05,196,2
1.6e-09,5e-05,197,1
1.6e-09,5e-05,198,1
1.6e-09,5e-05,201,1
1.6e-09,5e-05,202,1
1.6e-09,5e-05,203,1
1.6e-09,5e-05,204,1
1.6e-09,5e-05,207,1
1.6e-09,5e-05,208,3
1.6e-09,5e-05,210,2
1.6e-09,5e-05,211,1
1.6e-09,5e-05,212,2
1.6e-09,5e-05,213,1
1.6e-09,5e-05,218,1
1.6e-09,5e-05,219,2
1.6e-09,5e-05,222,1
1.6e-09,5e-05,224,1
1.6e-09,5e-05,228,2
1.6e-09,5e-05,232,1
1.6e-09,5e-05,233,1
1.6e-09,5e-05,236,1
1.6e-09,5e-05,238,1
1.6e-09,5e-05,239,1
1.6e-09,5e-05,243,1
1.6e-09,5e-05,244,1
1.6e-09,5e-05,245,1
1.6e-09,5e-05,247,1
1.6e-09,5e-05,252,1
1.6e-09,5e-05,253,1
1.6e-09,5e-05,259,1
1.6e-09,5e-05,262,2
1.6e-09,5e-05,264,1
1.6e-09,5e-05,266,1
1.6e-09,5e-05,280,1
1.6e-09,5e-05,281,1
1.6e-09,5e-05,295,2
1.6e-09,5e-05,302,1
1.6e-09,5e-05,306,1
1.6e-09,5e-05,308,1
1.6e-09,5e-05,309,1
1.6e-09,5e-05,313,1
1.6e-09,5e-05,318,1
1.6e-09,5e-05,321,1
1.6e-09,5e-05,328,1
1.6e-09,5e-05,330,1
1.6e-09,5e-05,332,2
1.6e-09,5e-05,336,1
1.6e-09,5e-05,338,1
1.6e-09,5e-05,343,1
1.6e-09,5e-05,351,2
1.6e-09,5e-05,354,1
1.6e-09,5e-05,355,1
1.6e-09,5e-05,357,1
1.6e-09,5e-05,362,1
1.6e-09,5e-05,363,1
1.6e-09,5e-05,364,2
1.6e-09,5e-05,365,1
1.6e-09,5e-05,368,1
1.6e-09,5e-05,373,1
1.6e-09,5e-05,394,1
1.6e-09,5e-05,401,2
1.6e-09,5e-05,403,1
1.6e-09,5e-05,411,1
1.6e-09,5e-05,418,1
1.6e-09,5e-05,419,1
1.6e-09,5e-05,420,1
1.6e-09,5e-05,421,1
1.6e-09,5e-05,430,1
1.6e-09,5e-05,445,1
1.6e-09,5e-05,446,1
1.6e-09,5e-05,451,1
1.6e-09,5e-05,453,2
1.6e-09,5e-05,457,1
1.6e-09,5e-05,461,1
1.6e-09,5e-05,471,1
1.6e-09,5e-05,474,1
1.6e-09,5e-05,478,1
1.6e-09,5e-05,489,1
1.6e-09,5e-05,493,1
1.6e-09,5e-05,504,1
1.6e-09,5e-05,510,1
1.6e-09,5e-05,524,1
1.6e-09,5e-05,529,1
1.6e-09,5e-05,535,1
1.6e-09,5e-05,554,1
1.6e-09,5e-05,557,1
1.6e-09,5e-05,568,1
1.6e-09,5e-05,571,1
1.6e-09,5e-05,591,1
1.6e-09,5e-05,597,1
1.6e-09,5e-05,616,1
1.6e-09,5e-05,624,1
1.6e-09,5e-05,634,1
1.6e-09,5e-05,643,1
1.6e-09,5e-05,655,1
1.6e-09,5e-05,662,1
1.6e-09,5e-05,663,2
1.6e-09,5e-05,671,1
1.6e-09,5e-05,673,1
1.6e-09,5e-05,685,1
1.6e-09,5e-05,691,1
1.6e-09,5e-05,704,1
1.6e-09,5e-05,713,1
1.6e-09,5e-05,715,1
1.6e-09,5e-05,738,1
1.6e-09,5e-05,767,1
1.6e-09,5e-05,870,1
1.6e-09,5e-05,877,1
1.6e-09,5e-05,878,1
1.6e-09,5e-05,928,1
1.6e-09,5e-05,941,1
1.6e-09,5e-05,947,1
1.6e-09,5e-05,953,1
1.6e-09,5e-05,1025,1
1.6e-09,5e-05,1028,1
1.6e-09,5e-05,1032,1
1.6e-09,5e-05,1050,1
1.6e-09,5e-05,1055,1
1.6e-09,5e-05,1088,1
1.6e-09,5e-05,1111,1
1.6e-09,5e-05,1230,1
1.6e-09,5e-05,1241,1
1.6e-09,5e-05,1253,1
1.6e-09,5e-05,1325,1
1.6e-09,5e-05,1335,1
1.6e-09,5e-05,1382,1
1.6e-09,5e-05,1460,1
1.6e-09,5e-05,1495,1
1.6e-09,5e-05,1545,1
1.6e-09,5e-05,1559,1
1.6e-09,5e-05,1646,1
1.6e-09,5e-05,1722,1
1.6e-09,5e-05,1760,1
1.6e-09,5e-05,1998,1
1.6e-09,5e-05,2098,2
1.6e-09,5e-05,2118,1
1.6e-09,5e-05,2964,1
1.6e-09,5e-05,3458,1
1.6e-09,5e-05,3660,1
1.6e-09,5e-05,4302,1
1.6e-09,5e-05,5054,1
1.6e-09,5e-05,5328,1
1.6e-09,5e-05,5596,1
1.6e-09,5e-05,5913,1
1.6e-09,5e-05,6004,1
1.6e-09,5e-05,6953,1
1.6e-09,5e-05,7212,1
1.6e-09,5e-05,8067,1
1.6e-09,5e-05,8147,1
1.6e-09,5e-05,8774,1
1.6e-09,5e-05,10645,1
1.6e-09,5e-05,11941,1
1.6e-09,5e-05,13098,1
1.6e-09,5e-05,13139,1
1.6e-09,5e-05,13219,1
1.6e-09,5e-05,13526,1
1.6e-09,5e-05,24829,1
1.6e-09,5e-05,25634,1
1.6e-09,5e-05,30173,1
1.6e-09,5e-05,35471,1
1.6e-09,5e-05,63430,1
1.6e-09,5e-05,65273,1
1.6e-09,5e-05,122764,1
1.6e-09,5e-05,134467,1
1.6e-09,5e-05,232797,1
1.6e-09,5e-05,547676,1
1.6e-09,5e-05,585527,1
1.6e-09,5e-05,907456,1
1.6e-09,5e-05,911637,1
1.6e-09,5e-05,1124412,1
1.6e-09,5e-05,1467921,1
1.6e-09,5e-05,1531181,1
1.6e-09,5e-05,1920215,1
1.6e-09,5e-05,1947729,1
1.6e-09,5e-05,2638127,1
1.6e-09,5e-05,3247780,1
1.6e-09,5e-05,3399995,1
1.6e-09,5e-05,5107784,1
1.6e-09,0.00016,0,93599
1.6e-09,0.00016,1,1983
1.6e-09,0.00016,2,759
1.6e-09,0.00016,3,538
1.6e-09,0.00016,4,383
1.6e-09,0.00016,5,254
1.6e-09,0.00016,6,226
1.6e-09,0.00016,7,144
1.6e-09,0.00016,8,148
1.6e-09,0.00016,9,109
1.6e-09,0.00016,10,110
1.6e-09,0.00016,11,93
1.6e-09,0.00016,12,84
1.6e-09,0.00016,13,59
1.6e-09,0.00016,14,76
1.6e-09,0.00016,15,59
1.6e-09,0.00016,16,62
1.6e-09,0.00016,17,48
1.6e-09,0.00016,18,50
1.6e-09,0.00016,19,42
1.6e-09,0.00016,20,41
1.6e-09,0.00016,21,32
1.6e-09,0.00016,22,34
1.6e-09,0.00016,23,30
1.6e-09,0.00016,24,37
1.6e-09,0.00016,25,24
1.6e-09,0.00016,26,24
1.6e-09,0.00016,27,29
1.6e-09,0.00016,28,23
1.6e-09,0.00016,29,17
1.6e-09,0.00016,30,19
1.6e-09,0.00016,31,10
1.6e-09,0.00016,32,19
1.6e-09,0.00016,33,19
1.6e-09,0.00016,34,23
1.6e-09,0.00016,35,18
1.6e-09,0.00016,36,15
1.6e-09,0.00016,37,12
1.6e-09,0.00016,38,18
1.6e-09,0.00016,39,20
1.6e-09,0.00016,40,13
1.6e-09,0.00016,41,13
1.6e-09,0.00016,42,16
1.6e-09,0.00016,43,13
1.6e-09,0.00016,44,5
1.6e-09,0.00016,45,21
1.6e-09,0.00016,46,18
1.6e-09,0.00016,47,15
1.6e-09,0.00016,48,9
1.6e-09,0.00016,49,7
1.6e-09,0.00016,50,7
1.6e-09,0.00016,51,9
1.6e-09,0.00016,52,14
1.6e-09,0.00016,53,7
1.6e-09,0.00016,54,8
1.6e-09,0.00016,55,6
1.6e-09,0.00016,56,12
1.6e-09,0.00016,57,14
1.6e-09,0.00016,58,7
1.6e-09,0.00016,59,4
1.6e-09,0.00016,60,7
1.6e-09,0.00016,61,5
1.6e-09,0.00016,62,4
1.6e-09,0.00016,63,3
1.6e-09,0.00016,64,6
1.6e-09,0.00016,65,7
1.6e-09,0.00016,66,3
1.6e-09,0.00016,67,7
1.6e-09,0.00016,68,6
1.6e-09,0.00016,69,6
1.6e-09,0.00016,70,2
1.6e-09,0.00016,71,9
1.6e-09,0.00016,72,3
1.6e-09,0.00016,73,6
1.6e-09,0.00016,74,4
1.6e-09,0.00016,75,4
1.6e-09,0.00016,76,2
1.6e-09,0.00016,77,4
1.6e-09,0.00016,78,6
1.6e-09,0.00016,79,5
1.6e-09,0.00016,80,1
1.6e-09,0.00016,81,6
1.6e-09,0.00016,82,2
1.6e-09,0.00016,83,5
1.6e-09,0.00016,84,11
1.6e-09,0.00016,85,6
1.6e-09,0.00016,86,4
1.6e-09,0.00016,87,4
1.6e-09,0.00016,88,5
1.6e-09,0.00016,89,3
1.6e-09,0.00016,90,2
1.6e-09,0.00016,91,4
1.6e-09,0.00016,92,3
1.6e-09,0.00016,93,1
1.6e-09,0.00016,94,3
1.6e-09,0.00016,95,3
1.6e-09,0.00016,96,4
1.6e-09,0.00016,97,2
1.6e-09,0.00016,98,1
1.6e-09,0.00016,99,4
1.6e-09,0.00016,100,3
1.6e-09,0.00016,101,3
1.6e-09,0.00016,102,2
1.6e-09,0.00016,103,2
1.6e-09,0.00016,104,2
1.6e-09,0.00016,105,2
1.6e-09,0.00016,106,4
1.6e-09,0.00016,107,2
1.6e-09,0.00016,108,1
1.6e-09,0.00016,109,3
1.6e-09,0.00016,110,2
1.6e-09,0.00016,111,2
1.6e-09,0.00016,112,2
1.6e-09,0.00016,113,1
1.6e-09,0.00016,114,2
1.6e-09,0.00016,115,5
1.6e-09,0.00016,116,2
1.6e-09,0.00016,117,1
1.6e-09,0.00016,118,2
1.6e-09,0.00016,119,3
1.6e-09,0.00016,120,1
1.6e-09,0.00016,121,3
1.6e-09,0.00016,122,2
1.6e-09,0.00016,123,2
1.6e-09,0.00016,124,1
1.6e-09,0.00016,125,1
1.6e-09,0.00016,126,2
1.6e-09,0.00016,127,2
1.6e-09,0.00016,128,2
1.6e-09,0.00016,129,1
1.6e-09,0.00016,134,2
1.6e-09,0.00016,135,2
1.6e-09,0.00016,136,2
1.6e-09,0.00016,137,3
1.6e-09,0.00016,138,3
1.6e-09,0.00016,139,1
1.6e-09,0.00016,140,3
1.6e-09,0.00016,141,1
1.6e-09,0.00016,142,2
1.6e-09,0.00016,143,2
1.6e-09,0.00016,144,2
1.6e-09,0.00016,147,1
1.6e-09,0.00016,149,2
1.6e-09,0.00016,150,3
1.6e-09,0.00016,151,3
1.6e-09,0.00016,152,2
1.6e-09,0.00016,154,3
1.6e-09,0.00016,155,1
1.6e-09,0.00016,156,1
1.6e-09,0.00016,157,1
1.6e-09,0.00016,159,1
1.6e-09,0.00016,160,2
1.6e-09,0.00016,162,1
1.6e-09,0.00016,163,4
1.6e-09,0.00016,165,1
1.6e-09,0.00016,166,1
1.6e-09,0.00016,168,1
1.6e-09,0.00016,169,2
1.6e-09,0.00016,171,1
1.6e-09,0.00016,172,2
1.6e-09,0.00016,173,1
1.6e-09,0.00016,174,2
1.6e-09,0.00016,175,2
1.6e-09,0.00016,176,2
1.6e-09,0.00016,177,1
1.6e-09,0.00016,178,1
1.6e-09,0.00016,182,1
1.6e-09,0.00016,183,1
1.6e-09,0.00016,186,2
1.6e-09,0.00016,188,3
1.6e-09,0.00016,189,1
1.6e-09,0.00016,192,1
1.6e-09,0.00016,195,1
1.6e-09,0.00016,200,2
1.6e-09,0.00016,201,1
1.6e-09,0.00016,204,1
1.6e-09,0.00016,206,1
1.6e-09,0.00016,207,1
1.6e-09,0.00016,208,1
1.6e-09,0.00016,209,1
1.6e-09,0.00016,213,2
1.6e-09,0.00016,214,1
1.6e-09,0.00016,215,1
1.6e-09,0.00016,216,1
1.6e-09,0.00016,217,1
1.6e-09,0.00016,218,2
1.6e-09,0.00016,219,1
1.6e-09,0.00016,222,1
1.6e-09,0.00016,223,1
1.6e-09,0.00016,225,1
1.6e-09,0.00016,231,2
1.6e-09,0.00016,233,1
1.6e-09,0.00016,235,2
1.6e-09,0.00016,236,1
1.6e-09,0.00016,237,2
1.6e-09,0.00016,241,1
1.6e-09,0.00016,248,1
1.6e-09,0.00016,249,1
1.6e-09,0.00016,250,1
1.6e-09,0.00016,254,2
1.6e-09,0.00016,255,1
1.6e-09,0.00016,257,1
1.6e-09,0.00016,259,1
1.6e-09,0.00016,268,1
1.6e-09,0.00016,270,1
1.6e-09,0.00016,273,1
1.6e-09,0.00016,277,1
1.6e-09,0.00016,279,1
1.6e-09,0.00016,280,1
1.6e-09,0.00016,281,1
1.6e-09,0.00016,284,1
1.6e-09,0.00016,285,1
1.6e-09,0.00016,289,1
1.6e-09,0.00016,291,1
1.6e-09,0.00016,292,1
1.6e-09,0.00016,293,1
1.6e-09,0.00016,296,1
1.6e-09,0.00016,297,1
1.6e-09,0.00016,304,1
1.6e-09,0.00016,309,1
1.6e-09,0.00016,311,1
1.6e-09,0.00016,313,1
1.6e-09,0.00016,317,1
1.6e-09,0.00016,321,1
1.6e-09,0.00016,322,1
1.6e-09,0.00016,325,1
1.6e-09,0.00016,330,1
1.6e-09,0.00016,332,1
1.6e-09,0.00016,333,2
1.6e-09,0.00016,334,1
1.6e-09,0.00016,335,1
1.6e-09,0.00016,339,1
1.6e-09,0.00016,342,1
1.6e-09,0.00016,348,1
1.6e-09,0.00016,358,1
1.6e-09,0.00016,362,1
1.6e-09,0.00016,363,1
1.6e-09,0.00016,367,1
1.6e-09,0.00016,372,1
1.6e-09,0.00016,373,1
1.6e-09,0.00016,377,1
1.6e-09,0.00016,399,2
1.6e-09,0.00016,404,1
1.6e-09,0.00016,407,1
1.6e-09,0.00016,410,1
1.6e-09,0.00016,415,1
1.6e-09,0.00016,417,1
1.6e-09,0.00016,423,1
1.6e-09,0.00016,433,1
1.6e-09,0.00016,442,1
1.6e-09,0.00016,452,1
1.6e-09,0.00016,453,1
1.6e-09,0.00016,467,1
1.6e-09,0.00016,476,1
1.6e-09,0.00016,487,1
1.6e-09,0.00016,489,1
1.6e-09,0.00016,495,1
1.6e-09,0.00016,497,1
1.6e-09,0.00016,498,1
1.6e-09,0.00016,500,1
1.6e-09,0.00016,528,1
1.6e-09,0.00016,536,1
1.6e-09,0.00016,551,1
1.6e-09,0.00016,554,1
1.6e-09,0.00016,565,1
1.6e-09,0.00016,572,1
1.6e-09,0.00016,584,1
1.6e-09,0.00016,585,1
1.6e-09,0.00016,600,1
1.6e-09,0.00016,601,1
1.6e-09,0.00016,602,1
1.6e-09,0.00016,605,1
1.6e-09,0.00016,608,1
1.6e-09,0.00016,613,1
1.6e-09,0.00016,616,1
1.6e-09,0.00016,618,1
1.6e-09,0.00016,623,1
1.6e-09,0.00016,629,1
1.6e-09,0.00016,652,1
1.6e-09,0.00016,677,1
1.6e-09,0.00016,707,1
1.6e-09,0.00016,722,1
1.6e-09,0.00016,772,1
1.6e-09,0.00016,784,1
1.6e-09,0.00016,807,1
1.6e-09,0.00016,832,1
1.6e-09,0.00016,844,1
1.6e-09,0.00016,861,1
1.6e-09,0.00016,863,1
1.6e-09,0.00016,868,1
1.6e-09,0.00016,869,1
1.6e-09,0.00016,942,1
1.6e-09,0.00016,983,1
1.6e-09,0.00016,1001,1
1.6e-09,0.00016,1019,1
1.6e-09,0.00016,1040,1
1.6e-09,0.00016,1090,1
1.6e-09,0.00016,1111,1
1.6e-09,0.00016,1117,1
1.6e-09,0.00016,1149,1
1.6e-09,0.00016,1153,1
1.6e-09,0.00016,1193,1
1.6e-09,0.00016,1200,1
1.6e-09,0.00016,1252,1
1.6e-09,0.00016,1313,1
1.6e-09,0.00016,1323,1
1.6e-09,0.00016,1331,1
1.6e-09,0.00016,1354,1
1.6e-09,0.00016,1484,1
1.6e-09,0.00016,1497,1
1.6e-09,0.00016,1516,1
1.6e-09,0.00016,1557,1
1.6e-09,0.00016,1579,1
1.6e-09,0.00016,1656,1
1.6e-09,0.00016,1869,1
1.6e-09,0.00016,1870,1
1.6e-09,0.00016,1883,1
1.6e-09,0.00016,1898,1
1.6e-09,0.00016,1996,1
1.6e-09,0.00016,2549,1
1.6e-09,0.00016,2896,1
1.6e-09,0.00016,3307,1
1.6e-09,0.00016,3545,1
1.6e-09,0.00016,3643,1
1.6e-09,0.00016,4147,1
1.6e-09,0.00016,5074,1
1.6e-09,0.00016,5726,1
1.6e-09,0.00016,5979,1
1.6e-09,0.00016,6931,1
1.6e-09,0.00016,7540,1
1.6e-09,0.00016,7806,1
1.6e-09,0.00016,9580,1
1.6e-09,0.00016,25761,1
1.6e-09,0.00016,26366,1
1.6e-09,0.00016,30684,1
1.6e-09,0.00016,36058,1
1.6e-09,0.00016,40777,1
1.6e-09,0.00016,61387,1
1.6e-09,0.00016,72301,1
1.6e-09,0.00016,122205,1
1.6e-09,0.00016,263324,1
1.6e-09,0.00016,431782,1
1.6e-09,0.00016,808254,1
1.6e-09,0.00016,2432532,1
1.6e-09,0.00016,2477769,1
1.6e-09,0.0005,0,93462
1.6e-09,0.0005,1,2049
1.6e-09,0.0005,2,807
1.6e-09,0.0005,3,525
1.6e-09,0.0005,4,342
1.6e-09,0.0005,5,303
1.6e-09,0.0005,6,187
1.6e-09,0.0005,7,183
1.6e-09,0.0005,8,162
1.6e-09,0.0005,9,111
1.6e-09,0.0005,10,117
1.6e-09,0.0005,11,111
1.6e-09,0.0005,12,79
1.6e-09,0.0005,13,66
1.6e-09,0.0005,14,77
1.6e-09,0.0005,15,53
1.6e-09,0.0005,16,57
1.6e-09,0.0005,17,48
1.6e-09,0.0005,18,56
1.6e-09,0.0005,19,52
1.6e-09,0.0005,20,46
1.6e-09,0.0005,21,37
1.6e-09,0.0005,22,39
1.6e-09,0.0005,23,37
1.6e-09,0.0005,24,27
1.6e-09,0.0005,25,18
1.6e-09,0.0005,26,28
1.6e-09,0.0005,27,23
1.6e-09,0.0005,28,19
1.6e-09,0.0005,29,15
1.6e-09,0.0005,30,25
1.6e-09,0.0005,31,26
1.6e-09,0.0005,32,19
1.6e-09,0.0005,33,12
1.6e-09,0.0005,34,17
1.6e-09,0.0005,35,17
1.6e-09,0.0005,36,19
1.6e-09,0.0005,37,13
1.6e-09,0.0005,38,17
1.6e-09,0.0005,39,10
1.6e-09,0.0005,40,15
1.6e-09,0.0005,41,15
1.6e-09,0.0005,42,11
1.6e-09,0.0005,43,11
1.6e-09,0.0005,44,13
1.6e-09,0.0005,45,10
1.6e-09,0.0005,46,12
1.6e-09,0.0005,47,11
1.6e-09,0.0005,48,10
1.6e-09,0.0005,49,7
1.6e-09,0.0005,50,6
1.6e-09,0.0005,51,9
1.6e-09,0.0005,52,9
1.6e-09,0.0005,53,10
1.6e-09,0.0005,54,5
1.6e-09,0.0005,55,10
1.6e-09,0.0005,56,8
1.6e-09,0.0005,57,9
1.6e-09,0.0005,58,5
1.6e-09,0.0005,59,5
1.6e-09,0.0005,60,7
1.6e-09,0.0005,61,8
1.6e-09,0.0005,62,4
1.6e-09,0.0005,63,7
1.6e-09,0.0005,64,7
1.6e-09,0.0005,65,5
1.6e-09,0.0005,66,7
1.6e-09,0.0005,67,7
1.6e-09,0.0005,68,8
1.6e-09,0.0005,69,7
1.6e-09,0.0005,70,3
1.6e-09,0.0005,71,1
1.6e-09,0.0005,72,5
1.6e-09,0.0005,73,4
1.6e-09,0.0005,74,3
1.6e-09,0.0005,75,5
1.6e-09,0.0005,76,2
1.6e-09,0.0005,77,9
1.6e-09,0.0005,78,5
1.6e-09,0.0005,79,4
1.6e-09,0.0005,80,6
1.6e-09,0.0005,81,4
1.6e-09,0.0005,82,3
1.6e-09,0.0005,83,1
1.6e-09,0.0005,84,1
1.6e-09,0.0005,85,6
1.6e-09,0.0005,86,3
1.6e-09,0.0005,87,4
1.6e-09,0.0005,88,4
1.6e-09,0.0005,89,3
1.6e-09,0.0005,90,4
1.6e-09,0.0005,91,3
1.6e-09,0.0005,92,3
1.6e-09,0.0005,93,5
1.6e-09,0.0005,94,1
1.6e-09,0.0005,95,6
1.6e-09,0.0005,96,6
1.6e-09,0.0005,97,2
1.6e-09,0.0005,98,4
1.6e-09,0.0005,100,2
1.6e-09,0.0005,101,2
1.6e-09,0.0005,102,2
1.6e-09,0.0005,103,4
1.6e-09,0.0005,104,2
1.6e-09,0.0005,105,3
1.6e-09,0.0005,107,2
1.6e-09,0.0005,109,1
1.6e-09,0.0005,110,5
1.6e-09,0.0005,111,1
1.6e-09,0.0005,112,2
1.6e-09,0.0005,113,4
1.6e-09,0.0005,114,1
1.6e-09,0.0005,115,3
1.6e-09,0.0005,117,3
1.6e-09,0.0005,118,4
1.6e-09,0.0005,119,3
1.6e-09,0.0005,120,1
1.6e-09,0.0005,121,1
1.6e-09,0.0005,122,1
1.6e-09,0.0005,124,1
1.6e-09,0.0005,125,1
1.6e-09,0.0005,126,1
1.6e-09,0.0005,129,2
1.6e-09,0.0005,130,1
1.6e-09,0.0005,132,1
1.6e-09,0.0005,133,1
1.6e-09,0.0005,134,2
1.6e-09,0.0005,135,1
1.6e-09,0.0005,136,4
1.6e-09,0.0005,137,4
1.6e-09,0.0005,138,2
1.6e-09,0.0005,140,2
1.6e-09,0.0005,141,1
1.6e-09,0.0005,142,1
1.6e-09,0.0005,143,1
1.6e-09,0.0005,144,1
1.6e-09,0.0005,145,2
1.6e-09,0.0005,146,4
1.6e-09,0.0005,149,1
1.6e-09,0.0005,152,2
1.6e-09,0.0005,153,1
1.6e-09,0.0005,154,1
1.6e-09,0.0005,155,1
1.6e-09,0.0005,157,1
1.6e-09,0.0005,158,1
1.6e-09,0.0005,159,2
1.6e-09,0.0005,160,2
1.6e-09,0.0005,161,3
1.6e-09,0.0005,162,1
1.6e-09,0.0005,163,2
1.6e-09,0.0005,164,3
1.6e-09,0.0005,165,2
1.6e-09,0.0005,167,1
1.6e-09,0.0005,169,4
1.6e-09,0.0005,172,3
1.6e-09,0.0005,174,2
1.6e-09,0.0005,175,1
1.6e-09,0.0005,177,3
1.6e-09,0.0005,179,3
1.6e-09,0.0005,180,1
1.6e-09,0.0005,181,1
1.6e-09,0.0005,182,2
1.6e-09,0.0005,184,2
1.6e-09,0.0005,185,1
1.6e-09,0.0005,186,2
1.6e-09,0.0005,188,2
1.6e-09,0.0005,189,3
1.6e-09,0.0005,190,1
1.6e-09,0.0005,191,1
1.6e-09,0.0005,192,1
1.6e-09,0.0005,194,1
1.6e-09,0.0005,196,3
1.6e-09,0.0005,199,1
1.6e-09,0.0005,200,2
1.6e-09,0.0005,201,1
1.6e-09,0.0005,202,1
1.6e-09,0.0005,203,2
1.6e-09,0.0005,204,1
1.6e-09,0.0005,206,1
1.6e-09,0.0005,211,1
1.6e-09,0.0005,212,1
1.6e-09,0.0005,213,1
1.6e-09,0.0005,215,1
1.6e-09,0.0005,216,2
1.6e-09,0.0005,219,1
1.6e-09,0.0005,220,1
1.6e-09,0.0005,222,1
1.6e-09,0.0005,223,2
1.6e-09,0.0005,224,1
1.6e-09,0.0005,225,3
1.6e-09,0.0005,227,4
1.6e-09,0.0005,228,2
1.6e-09,0.0005,229,1
1.6e-09,0.0005,230,1
1.6e-09,0.0005,231,1
1.6e-09,0.0005,233,1
1.6e-09,0.0005,235,1
1.6e-09,0.0005,238,1
1.6e-09,0.0005,241,1
1.6e-09,0.0005,242,1
1.6e-09,0.0005,243,1
1.6e-09,0.0005,244,1
1.6e-09,0.0005,245,1
1.6e-09,0.0005,249,2
1.6e-09,0.0005,250,1
1.6e-09,0.0005,253,1
1.6e-09,0.0005,254,1
1.6e-09,0.0005,256,1
1.6e-09,0.0005,258,1
1.6e-09,0.0005,261,2
1.6e-09,0.0005,272,3
1.6e-09,0.0005,274,1
1.6e-09,0.0005,276,1
1.6e-09,0.0005,278,1
1.6e-09,0.0005,280,1
1.6e-09,0.0005,283,1
1.6e-09,0.0005,288,1
1.6e-09,0.0005,289,2
1.6e-09,0.0005,291,1
1.6e-09,0.0005,293,1
1.6e-09,0.0005,296,1
1.6e-09,0.0005,297,1
1.6e-09,0.0005,306,1
1.6e-09,0.0005,308,2
1.6e-09,0.0005,309,1
1.6e-09,0.0005,310,1
1.6e-09,0.0005,314,1
1.6e-09,0.0005,317,2
1.6e-09,0.0005,320,2
1.6e-09,0.0005,325,2
1.6e-09,0.0005,327,1
1.6e-09,0.0005,328,1
1.6e-09,0.0005,333,2
1.6e-09,0.0005,341,1
1.6e-09,0.0005,342,1
1.6e-09,0.0005,347,1
1.6e-09,0.0005,353,1
1.6e-09,0.0005,354,1
1.6e-09,0.0005,357,1
1.6e-09,0.0005,363,1
1.6e-09,0.0005,367,1
1.6e-09,0.0005,372,1
1.6e-09,0.0005,382,1
1.6e-09,0.0005,384,1
1.6e-09,0.0005,388,1
1.6e-09,0.0005,392,1
1.6e-09,0.0005,394,1
1.6e-09,0.0005,396,1
1.6e-09,0.0005,400,1
1.6e-09,0.0005,405,1
1.6e-09,0.0005,407,1
1.6e-09,0.0005,416,1
1.6e-09,0.0005,420,1
1.6e-09,0.0005,425,1
1.6e-09,0.0005,433,1
1.6e-09,0.0005,435,1
1.6e-09,0.0005,442,1
1.6e-09,0.0005,448,1
1.6e-09,0.0005,450,1
1.6e-09,0.0005,460,1
1.6e-09,0.0005,461,1
1.6e-09,0.0005,464,1
1.6e-09,0.0005,471,1
1.6e-09,0.0005,474,1
1.6e-09,0.0005,478,1
1.6e-09,0.0005,487,1
1.6e-09,0.0005,496,2
1.6e-09,0.0005,510,1
1.6e-09,0.0005,526,1
1.6e-09,0.0005,545,1
1.6e-09,0.0005,547,1
1.6e-09,0.0005,568,1
1.6e-09,0.0005,587,1
1.6e-09,0.0005,593,1
1.6e-09,0.0005,632,1
1.6e-09,0.0005,656,1
1.6e-09,0.0005,658,1
1.6e-09,0.0005,669,1
1.6e-09,0.0005,693,1
1.6e-09,0.0005,717,1
1.6e-09,0.0005,727,1
1.6e-09,0.0005,741,1
1.6e-09,0.0005,755,1
1.6e-09,0.0005,759,1
1.6e-09,0.0005,776,1
1.6e-09,0.0005,782,1
1.6e-09,0.0005,788,1
1.6e-09,0.0005,790,1
1.6e-09,0.0005,801,1
1.6e-09,0.0005,804,1
1.6e-09,0.0005,823,2
1.6e-09,0.0005,832,1
1.6e-09,0.0005,835,1
1.6e-09,0.0005,839,1
1.6e-09,0.0005,844,1
1.6e-09,0.0005,858,1
1.6e-09,0.0005,898,1
1.6e-09,0.0005,1009,1
1.6e-09,0.0005,1066,1
1.6e-09,0.0005,1124,1
1.6e-09,0.0005,1210,1
1.6e-09,0.0005,1259,1
1.6e-09,0.0005,1315,1
1.6e-09,0.0005,1323,1
1.6e-09,0.0005,1340,1
1.6e-09,0.0005,1587,1
1.6e-09,0.0005,1782,1
1.6e-09,0.0005,1873,1
1.6e-09,0.0005,1902,1
1.6e-09,0.0005,2231,1
1.6e-09,0.0005,2619,1
1.6e-09,0.0005,2737,1
1.6e-09,0.0005,2832,1
1.6e-09,0.0005,3060,1
1.6e-09,0.0005,3406,1
1.6e-09,0.0005,3440,1
1.6e-09,0.0005,3782,1
1.6e-09,0.0005,4617,1
1.6e-09,0.0005,4958,1
1.6e-09,0.0005,5092,1
1.6e-09,0.0005,5415,1
1.6e-09,0.0005,8309,1
1.6e-09,0.0005,8596,1
1.6e-09,0.0005,10379,1
1.6e-09,0.0005,12794,1
1.6e-09,0.0005,14904,1
1.6e-09,0.0005,17183,1
1.6e-09,0.0005,19747,1
1.6e-09,0.0005,22341,1
1.6e-09,0.0005,23507,1
1.6e-09,0.0016,0,93586
1.6e-09,0.0016,1,2051
1.6e-09,0.0016,2,725
1.6e-09,0.0016,3,505
1.6e-09,0.0016,4,368
1.6e-09,0.0016,5,275
1.6e-09,0.0016,6,225
1.6e-09,0.0016,7,168
1.6e-09,0.0016,8,142
1.6e-09,0.0016,9,135
1.6e-09,0.0016,10,96
1.6e-09,0.0016,11,92
1.6e-09,0.0016,12,91
1.6e-09,0.0016,13,87
1.6e-09,0.0016,14,61
1.6e-09,0.0016,15,65
1.6e-09,0.0016,16,69
1.6e-09,0.0016,17,52
1.6e-09,0.0016,18,44
1.6e-09,0.0016,19,48
1.6e-09,0.0016,20,38
1.6e-09,0.0016,21,43
1.6e-09,0.0016,22,36
1.6e-09,0.0016,23,29
1.6e-09,0.0016,24,29
1.6e-09,0.0016,25,24
1.6e-09,0.0016,26,34
1.6e-09,0.0016,27,21
1.6e-09,0.0016,28,25
1.6e-09,0.0016,29,25
1.6e-09,0.0016,30,19
1.6e-09,0.0016,31,19
1.6e-09,0.0016,32,16
1.6e-09,0.0016,33,16
1.6e-09,0.0016,34,15
1.6e-09,0.0016,35,12
1.6e-09,0.0016,36,17
1.6e-09,0.0016,37,24
1.6e-09,0.0016,38,11
1.6e-09,0.0016,39,20
1.6e-09,0.0016,40,15
1.6e-09,0.0016,41,6
1.6e-09,0.0016,42,11
1.6e-09,0.0016,43,15
1.6e-09,0.0016,44,7
1.6e-09,0.0016,45,9
1.6e-09,0.0016,46,9
1.6e-09,0.0016,47,17
1.6e-09,0.0016,48,6
1.6e-09,0.0016,49,12
1.6e-09,0.0016,50,14
1.6e-09,0.0016,51,7
1.6e-09,0.0016,52,14
1.6e-09,0.0016,53,14
1.6e-09,0.0016,54,7
1.6e-09,0.0016,55,12
1.6e-09,0.0016,56,3
1.6e-09,0.0016,57,14
1.6e-09,0.0016,58,7
1.6e-09,0.0016,59,7
1.6e-09,0.0016,60,8
1.6e-09,0.0016,61,5
1.6e-09,0.0016,62,5
1.6e-09,0.0016,63,3
1.6e-09,0.0016,64,5
1.6e-09,0.0016,65,4
1.6e-09,0.0016,66,4
1.6e-09,0.0016,67,4
1.6e-09,0.0016,68,4
1.6e-09,0.0016,69,6
1.6e-09,0.0016,70,2
1.6e-09,0.0016,71,4
1.6e-09,0.0016,72,6
1.6e-09,0.0016,73,3
1.6e-09,0.0016,74,5
1.6e-09,0.0016,75,4
1.6e-09,0.0016,76,4
1.6e-09,0.0016,77,2
1.6e-09,0.0016,78,5
1.6e-09,0.0016,79,8
1.6e-09,0.0016,80,4
1.6e-09,0.0016,81,2
1.6e-09,0.0016,82,2
1.6e-09,0.0016,83,2
1.6e-09,0.0016,84,2
1.6e-09,0.0016,85,6
1.6e-09,0.0016,86,4
1.6e-09,0.0016,87,4
1.6e-09,0.0016,88,3
1.6e-09,0.0016,89,4
1.6e-09,0.0016,90,3
1.6e-09,0.0016,91,4
1.6e-09,0.0016,92,1
1.6e-09,0.0016,93,5
1.6e-09,0.0016,94,5
1.6e-09,0.0016,95,1
1.6e-09,0.0016,96,2
1.6e-09,0.0016,97,1
1.6e-09,0.0016,98,3
1.6e-09,0.0016,99,1
1.6e-09,0.0016,101,4
1.6e-09,0.0016,104,3
1.6e-09,0.0016,105,2
1.6e-09,0.0016,106,2
1.6e-09,0.0016,107,1
1.6e-09,0.0016,108,3
1.6e-09,0.0016,109,1
1.6e-09,0.0016,110,2
1.6e-09,0.0016,111,3
1.6e-09,0.0016,112,1
1.6e-09,0.0016,113,5
1.6e-09,0.0016,114,2
1.6e-09,0.0016,116,1
1.6e-09,0.0016,117,1
1.6e-09,0.0016,118,4
1.6e-09,0.0016,119,2
1.6e-09,0.0016,120,1
1.6e-09,0.0016,121,3
1.6e-09,0.0016,122,4
1.6e-09,0.0016,123,1
1.6e-09,0.0016,125,2
1.6e-09,0.0016,127,2
1.6e-09,0.0016,128,4
1.6e-09,0.0016,129,2
1.6e-09,0.0016,130,2
1.6e-09,0.0016,131,1
1.6e-09,0.0016,133,1
1.6e-09,0.0016,134,3
1.6e-09,0.0016,135,1
1.6e-09,0.0016,136,3
1.6e-09,0.0016,138,2
1.6e-09,0.0016,139,3
1.6e-09,0.0016,140,1
1.6e-09,0.0016,141,1
1.6e-09,0.0016,142,1
1.6e-09,0.0016,144,1
1.6e-09,0.0016,146,2
1.6e-09,0.0016,147,2
1.6e-09,0.0016,149,4
1.6e-09,0.0016,150,2
1.6e-09,0.0016,151,2
1.6e-09,0.0016,152,1
1.6e-09,0.0016,153,2
1.6e-09,0.0016,154,2
1.6e-09,0.0016,157,1
1.6e-09,0.0016,158,1
1.6e-09,0.0016,159,1
1.6e-09,0.0016,161,2
1.6e-09,0.0016,162,1
1.6e-09,0.0016,165,3
1.6e-09,0.0016,169,1
1.6e-09,0.0016,170,1
1.6e-09,0.0016,171,3
1.6e-09,0.0016,172,1
1.6e-09,0.0016,173,3
1.6e-09,0.0016,174,1
1.6e-09,0.0016,175,1
1.6e-09,0.0016,176,2
1.6e-09,0.0016,179,2
1.6e-09,0.0016,181,1
1.6e-09,0.0016,182,1
1.6e-09,0.0016,184,1
1.6e-09,0.0016,185,2
1.6e-09,0.0016,186,2
1.6e-09,0.0016,188,1
1.6e-09,0.0016,189,1
1.6e-09,0.0016,190,1
1.6e-09,0.0016,193,1
1.6e-09,0.0016,195,1
1.6e-09,0.0016,196,2
1.6e-09,0.0016,198,1
1.6e-09,0.0016,203,1
1.6e-09,0.0016,204,1
1.6e-09,0.0016,207,1
1.6e-09,0.0016,209,4
1.6e-09,0.0016,211,1
1.6e-09,0.0016,212,1
1.6e-09,0.0016,216,1
1.6e-09,0.0016,219,2
1.6e-09,0.0016,220,1
1.6e-09,0.0016,223,2
1.6e-09,0.0016,224,1
1.6e-09,0.0016,225,2
1.6e-09,0.0016,227,2
1.6e-09,0.0016,229,1
1.6e-09,0.0016,230,1
1.6e-09,0.0016,232,1
1.6e-09,0.0016,236,1
1.6e-09,0.0016,240,2
1.6e-09,0.0016,241,1
1.6e-09,0.0016,243,1
1.6e-09,0.0016,246,1
1.6e-09,0.0016,249,1
1.6e-09,0.0016,250,1
1.6e-09,0.0016,253,1
1.6e-09,0.0016,254,1
1.6e-09,0.0016,256,1
1.6e-09,0.0016,257,1
1.6e-09,0.0016,258,2
1.6e-09,0.0016,262,1
1.6e-09,0.0016,269,1
1.6e-09,0.0016,274,1
1.6e-09,0.0016,282,2
1.6e-09,0.0016,284,1
1.6e-09,0.0016,287,1
1.6e-09,0.0016,290,2
1.6e-09,0.0016,293,1
1.6e-09,0.0016,295,1
1.6e-09,0.0016,298,1
1.6e-09,0.0016,300,2
1.6e-09,0.0016,301,1
1.6e-09,0.0016,308,1
1.6e-09,0.0016,310,1
1.6e-09,0.0016,313,1
1.6e-09,0.0016,316,1
1.6e-09,0.0016,327,1
1.6e-09,0.0016,329,1
1.6e-09,0.0016,330,1
1.6e-09,0.0016,332,1
1.6e-09,0.0016,334,1
1.6e-09,0.0016,335,1
1.6e-09,0.0016,337,1
1.6e-09,0.0016,341,2
1.6e-09,0.0016,356,1
1.6e-09,0.0016,369,1
1.6e-09,0.0016,371,1
1.6e-09,0.0016,385,2
1.6e-09,0.0016,387,1
1.6e-09,0.0016,389,1
1.6e-09,0.0016,396,1
1.6e-09,0.0016,397,1
1.6e-09,0.0016,399,1
1.6e-09,0.0016,403,1
1.6e-09,0.0016,413,1
1.6e-09,0.0016,415,1
1.6e-09,0.0016,426,1
1.6e-09,0.0016,448,1
1.6e-09,0.0016,470,2
1.6e-09,0.0016,490,1
1.6e-09,0.0016,495,1
1.6e-09,0.0016,500,1
1.6e-09,0.0016,510,1
1.6e-09,0.0016,513,1
1.6e-09,0.0016,517,1
1.6e-09,0.0016,521,1
1.6e-09,0.0016,525,1
1.6e-09,0.0016,526,1
1.6e-09,0.0016,541,1
1.6e-09,0.0016,557,1
1.6e-09,0.0016,558,1
1.6e-09,0.0016,564,1
1.6e-09,0.0016,566,1
1.6e-09,0.0016,567,1
1.6e-09,0.0016,573,1
1.6e-09,0.0016,579,1
1.6e-09,0.0016,600,1
1.6e-09,0.0016,626,1
1.6e-09,0.0016,628,1
1.6e-09,0.0016,649,1
1.6e-09,0.0016,652,1
1.6e-09,0.0016,669,1
1.6e-09,0.0016,681,1
1.6e-09,0.0016,729,1
1.6e-09,0.0016,730,1
1.6e-09,0.0016,732,1
1.6e-09,0.0016,737,1
1.6e-09,0.0016,749,1
1.6e-09,0.0016,814,1
1.6e-09,0.0016,867,1
1.6e-09,0.0016,890,1
1.6e-09,0.0016,909,1
1.6e-09,0.0016,917,1
1.6e-09,0.0016,953,1
1.6e-09,0.0016,963,1
1.6e-09,0.0016,977,1
1.6e-09,0.0016,1121,1
1.6e-09,0.0016,1171,1
1.6e-09,0.0016,1213,1
1.6e-09,0.0016,1221,1
1.6e-09,0.0016,1291,2
1.6e-09,0.0016,1330,1
1.6e-09,0.0016,1470,1
1.6e-09,0.0016,1552,1
1.6e-09,0.0016,1626,1
1.6e-09,0.0016,1693,1
1.6e-09,0.0016,1762,1
1.6e-09,0.0016,1814,1
1.6e-09,0.0016,1887,1
1.6e-09,0.0016,1900,1
1.6e-09,0.0016,1908,1
1.6e-09,0.0016,2253,1
1.6e-09,0.0016,2318,1
1.6e-09,0.0016,2480,1
1.6e-09,0.0016,3033,1
1.6e-09,0.0016,3049,1
1.6e-09,0.0016,3263,1
1.6e-09,0.0016,3526,1
1.6e-09,0.0016,3570,1
1.6e-09,0.0016,3905,1
1.6e-09,0.0016,4429,1
1.6e-09,0.0016,4922,1
1.6e-09,0.0016,5210,1
1.6e-09,0.0016,9023,1
1.6e-09,0.0016,10091,1
1.6e-09,0.0016,10531,1
1.6e-09,0.0016,14216,1
1.6e-09,0.0016,36722,1
1.6e-09,0.0016,38261,1
1.6e-09,0.0016,98516,1
1.6e-09,0.005,0,93581
1.6e-09,0.005,1,2083
1.6e-09,0.005,2,778
1.6e-09,0.005,3,513
1.6e-09,0.005,4,342
1.6e-09,0.005,5,271
1.6e-09,0.005,6,217
1.6e-09,0.005,7,154
1.6e-09,0.005,8,152
1.6e-09,0.005,9,138
1.6e-09,0.005,10,123
1.6e-09,0.005,11,107
1.6e-09,0.005,12,98
1.6e-09,0.005,13,68
1.6e-09,0.005,14,72
1.6e-09,0.005,15,67
1.6e-09,0.005,16,57
1.6e-09,0.005,17,55
1.6e-09,0.005,18,45
1.6e-09,0.005,19,41
1.6e-09,0.005,20,41
1.6e-09,0.005,21,31
1.6e-09,0.005,22,25
1.6e-09,0.005,23,38
1.6e-09,0.005,24,30
1.6e-09,0.005,25,15
1.6e-09,0.005,26,21
1.6e-09,0.005,27,28
1.6e-09,0.005,28,34
1.6e-09,0.005,29,19
1.6e-09,0.005,30,22
1.6e-09,0.005,31,20
1.6e-09,0.005,32,17
1.6e-09,0.005,33,21
1.6e-09,0.005,34,14
1.6e-09,0.005,35,17
1.6e-09,0.005,36,17
1.6e-09,0.005,37,10
1.6e-09,0.005,38,13
1.6e-09,0.005,39,17
1.6e-09,0.005,40,9
1.6e-09,0.005,41,11
1.6e-09,0.005,42,11
1.6e-09,0.005,43,13
1.6e-09,0.005,44,15
1.6e-09,0.005,45,5
1.6e-09,0.005,46,9
1.6e-09,0.005,47,11
1.6e-09,0.005,48,17
1.6e-09,0.005,49,9
1.6e-09,0.005,50,6
1.6e-09,0.005,51,10
1.6e-09,0.005,52,8
1.6e-09,0.005,53,13
1.6e-09,0.005,54,6
1.6e-09,0.005,55,5
1.6e-09,0.005,56,6
1.6e-09,0.005,57,9
1.6e-09,0.005,58,4
1.6e-09,0.005,59,7
1.6e-09,0.005,60,12
1.6e-09,0.005,61,10
1.6e-09,0.005,62,8
1.6e-09,0.005,63,1
1.6e-09,0.005,64,6
1.6e-09,0.005,65,4
1.6e-09,0.005,66,4
1.6e-09,0.005,67,4
1.6e-09,0.005,68,8
1.6e-09,0.005,69,4
1.6e-09,0.005,70,6
1.6e-09,0.005,71,5
1.6e-09,0.005,72,8
1.6e-09,0.005,73,2
1.6e-09,0.005,74,4
1.6e-09,0.005,75,6
1.6e-09,0.005,76,8
1.6e-09,0.005,77,5
1.6e-09,0.005,78,6
1.6e-09,0.005,79,5
1.6e-09,0.005,80,5
1.6e-09,0.005,81,6
1.6e-09,0.005,82,1
1.6e-09,0.005,83,5
1.6e-09,0.005,84,2
1.6e-09,0.005,85,6
1.6e-09,0.005,86,1
1.6e-09,0.005,87,5
1.6e-09,0.005,88,2
1.6e-09,0.005,89,1
1.6e-09,0.005,90,3
1.6e-09,0.005,91,3
1.6e-09,0.005,92,3
1.6e-09,0.005,93,4
1.6e-09,0.005,94,1
1.6e-09,0.005,95,1
1.6e-09,0.005,96,5
1.6e-09,0.005,97,3
1.6e-09,0.005,98,5
1.6e-09,0.005,99,3
1.6e-09,0.005,100,1
1.6e-09,0.005,101,2
1.6e-09,0.005,102,2
1.6e-09,0.005,103,3
1.6e-09,0.005,104,2
1.6e-09,0.005,105,4
1.6e-09,0.005,107,2
1.6e-09,0.005,108,6
1.6e-09,0.005,109,2
1.6e-09,0.005,110,3
1.6e-09,0.005,111,4
1.6e-09,0.005,112,3
1.6e-09,0.005,115,1
1.6e-09,0.005,116,2
1.6e-09,0.005,117,2
1.6e-09,0.005,120,3
1.6e-09,0.005,121,2
1.6e-09,0.005,123,2
1.6e-09,0.005,124,1
1.6e-09,0.005,125,1
1.6e-09,0.005,126,1
1.6e-09,0.005,127,3
1.6e-09,0.005,128,3
1.6e-09,0.005,129,1
1.6e-09,0.005,130,2
1.6e-09,0.005,132,1
1.6e-09,0.005,133,5
1.6e-09,0.005,134,1
1.6e-09,0.005,135,3
1.6e-09,0.005,136,1
1.6e-09,0.005,138,1
1.6e-09,0.005,139,2
1.6e-09,0.005,140,2
1.6e-09,0.005,141,1
1.6e-09,0.005,142,1
1.6e-09,0.005,143,1
1.6e-09,0.005,145,2
1.6e-09,0.005,149,2
1.6e-09,0.005,152,1
1.6e-09,0.005,153,1
1.6e-09,0.005,154,1
1.6e-09,0.005,157,2
1.6e-09,0.005,158,2
1.6e-09,0.005,159,1
1.6e-09,0.005,160,1
1.6e-09,0.005,163,2
1.6e-09,0.005,165,1
1.6e-09,0.005,166,1
1.6e-09,0.005,167,4
1.6e-09,0.005,171,1
1.6e-09,0.005,172,1
1.6e-09,0.005,176,1
1.6e-09,0.005,177,1
1.6e-09,0.005,180,2
1.6e-09,0.005,182,1
1.6e-09,0.005,184,1
1.6e-09,0.005,187,2
1.6e-09,0.005,191,2
1.6e-09,0.005,192,2
1.6e-09,0.005,193,1
1.6e-09,0.005,194,1
1.6e-09,0.005,195,1
1.6e-09,0.005,197,2
1.6e-09,0.005,198,1
1.6e-09,0.005,204,2
1.6e-09,0.005,206,1
1.6e-09,0.005,216,1
1.6e-09,0.005,218,1
1.6e-09,0.005,220,1
1.6e-09,0.005,224,1
1.6e-09,0.005,225,1
1.6e-09,0.005,228,3
1.6e-09,0.005,233,2
1.6e-09,0.005,243,1
1.6e-09,0.005,245,1
1.6e-09,0.005,246,1
1.6e-09,0.005,251,1
1.6e-09,0.005,255,1
1.6e-09,0.005,259,1
1.6e-09,0.005,261,1
1.6e-09,0.005,264,1
1.6e-09,0.005,265,1
1.6e-09,0.005,266,1
1.6e-09,0.005,267,1
1.6e-09,0.005,269,1
1.6e-09,0.005,272,1
1.6e-09,0.005,273,1
1.6e-09,0.005,275,1
1.6e-09,0.005,280,1
1.6e-09,0.005,281,1
1.6e-09,0.005,282,2
1.6e-09,0.005,284,1
1.6e-09,0.005,285,1
1.6e-09,0.005,286,1
1.6e-09,0.005,287,2
1.6e-09,0.005,290,1
1.6e-09,0.005,293,1
1.6e-09,0.005,304,2
1.6e-09,0.005,311,2
1.6e-09,0.005,315,1
1.6e-09,0.005,324,1
1.6e-09,0.005,327,1
1.6e-09,0.005,330,1
1.6e-09,0.005,334,2
1.6e-09,0.005,340,1
1.6e-09,0.005,350,1
1.6e-09,0.005,368,1
1.6e-09,0.005,372,1
1.6e-09,0.005,379,1
1.6e-09,0.005,380,1
1.6e-09,0.005,382,1
1.6e-09,0.005,389,1
1.6e-09,0.005,397,1
1.6e-09,0.005,399,1
1.6e-09,0.005,424,1
1.6e-09,0.005,430,1
1.6e-09,0.005,468,1
1.6e-09,0.005,470,1
1.6e-09,0.005,477,1
1.6e-09,0.005,483,1
1.6e-09,0.005,507,1
1.6e-09,0.005,512,1
1.6e-09,0.005,527,1
1.6e-09,0.005,533,1
1.6e-09,0.005,576,1
1.6e-09,0.005,577,2
1.6e-09,0.005,614,1
1.6e-09,0.005,634,1
1.6e-09,0.005,637,1
1.6e-09,0.005,646,1
1.6e-09,0.005,674,1
1.6e-09,0.005,684,1
1.6e-09,0.005,689,1
1.6e-09,0.005,706,1
1.6e-09,0.005,754,1
1.6e-09,0.005,785,1
1.6e-09,0.005,802,1
1.6e-09,0.005,824,1
1.6e-09,0.005,865,1
1.6e-09,0.005,879,1
1.6e-09,0.005,931,1
1.6e-09,0.005,1429,1
1.6e-09,0.005,1468,1
1.6e-09,0.005,1474,1
1.6e-09,0.005,1746,1
1.6e-09,0.005,2174,1
1.6e-09,0.005,2538,1
1.6e-09,0.005,2704,1
1.6e-09,0.005,3472,1
1.6e-09,0.005,3565,1
1.6e-09,0.005,3632,1
1.6e-09,0.005,4365,1
1.6e-09,0.005,5234,1
1.6e-09,0.005,8167,1
1.6e-09,0.005,8667,1
1.6e-09,0.005,14990,1
1.6e-09,0.005,19776,1
1.6e-09,0.005,24195,1
1.6e-09,0.005,26746,1
1.6e-09,0.016,0,94046
1.6e-09,0.016,1,2088
1.6e-09,0.016,2,752
1.6e-09,0.016,3,518
1.6e-09,0.016,4,354
1.6e-09,0.016,5,277
1.6e-09,0.016,6,232
1.6e-09,0.016,7,172
1.6e-09,0.016,8,127
1.6e-09,0.016,9,94
1.6e-09,0.016,10,99
1.6e-09,0.016,11,85
1.6e-09,0.016,12,84
1.6e-09,0.016,13,67
1.6e-09,0.016,14,55
1.6e-09,0.016,15,50
1.6e-09,0.016,16,45
1.6e-09,0.016,17,42
1.6e-09,0.016,18,49
1.6e-09,0.016,19,50
1.6e-09,0.016,20,27
1.6e-09,0.016,21,27
1.6e-09,0.016,22,27
1.6e-09,0.016,23,26
1.6e-09,0.016,24,13
1.6e-09,0.016,25,21
1.6e-09,0.016,26,20
1.6e-09,0.016,27,28
1.6e-09,0.016,28,19
1.6e-09,0.016,29,11
1.6e-09,0.016,30,19
1.6e-09,0.016,31,13
1.6e-09,0.016,32,19
1.6e-09,0.016,33,14
1.6e-09,0.016,34,18
1.6e-09,0.016,35,19
1.6e-09,0.016,36,15
1.6e-09,0.016,37,13
1.6e-09,0.016,38,7
1.6e-09,0.016,39,6
1.6e-09,0.016,40,10
1.6e-09,0.016,41,5
1.6e-09,0.016,42,7
1.6e-09,0.016,43,14
1.6e-09,0.016,44,7
1.6e-09,0.016,45,7
1.6e-09,0.016,46,6
1.6e-09,0.016,47,5
1.6e-09,0.016,48,8
1.6e-09,0.016,49,6
1.6e-09,0.016,50,4
1.6e-09,0.016,51,6
1.6e-09,0.016,52,9
1.6e-09,0.016,53,6
1.6e-09,0.016,54,5
1.6e-09,0.016,55,9
1.6e-09,0.016,56,5
1.6e-09,0.016,57,9
1.6e-09,0.016,58,6
1.6e-09,0.016,59,3
1.6e-09,0.016,60,9
1.6e-09,0.016,61,3
1.6e-09,0.016,62,5
1.6e-09,0.016,63,2
1.6e-09,0.016,64,2
1.6e-09,0.016,66,5
1.6e-09,0.016,67,4
1.6e-09,0.016,68,6
1.6e-09,0.016,69,3
1.6e-09,0.016,70,3
1.6e-09,0.016,71,2
1.6e-09,0.016,72,1
1.6e-09,0.016,74,3
1.6e-09,0.016,75,1
1.6e-09,0.016,76,6
1.6e-09,0.016,77,3
1.6e-09,0.016,78,3
1.6e-09,0.016,80,4
1.6e-09,0.016,81,4
1.6e-09,0.016,82,2
1.6e-09,0.016,83,2
1.6e-09,0.016,84,4
1.6e-09,0.016,85,5
1.6e-09,0.016,86,3
1.6e-09,0.016,87,1
1.6e-09,0.016,88,2
1.6e-09,0.016,89,3
1.6e-09,0.016,90,3
1.6e-09,0.016,91,1
1.6e-09,0.016,92,2
1.6e-09,0.016,93,1
1.6e-09,0.016,94,1
1.6e-09,0.016,95,1
1.6e-09,0.016,96,1
1.6e-09,0.016,98,1
1.6e-09,0.016,99,3
1.6e-09,0.016,102,3
1.6e-09,0.016,103,1
1.6e-09,0.016,104,2
1.6e-09,0.016,105,3
1.6e-09,0.016,106,1
1.6e-09,0.016,107,2
1.6e-09,0.016,108,2
1.6e-09,0.016,109,2
1.6e-09,0.016,110,3
1.6e-09,0.016,111,1
1.6e-09,0.016,112,1
1.6e-09,0.016,114,1
1.6e-09,0.016,115,1
1.6e-09,0.016,116,1
1.6e-09,0.016,119,1
1.6e-09,0.016,121,4
1.6e-09,0.016,125,1
1.6e-09,0.016,127,1
1.6e-09,0.016,130,1
1.6e-09,0.016,133,1
1.6e-09,0.016,134,1
1.6e-09,0.016,137,3
1.6e-09,0.016,139,2
1.6e-09,0.016,140,1
1.6e-09,0.016,141,1
1.6e-09,0.016,142,1
1.6e-09,0.016,143,1
1.6e-09,0.016,144,1
1.6e-09,0.016,148,1
1.6e-09,0.016,149,1
1.6e-09,0.016,150,2
1.6e-09,0.016,151,1
1.6e-09,0.016,152,1
1.6e-09,0.016,154,1
1.6e-09,0.016,155,1
1.6e-09,0.016,156,1
1.6e-09,0.016,157,1
1.6e-09,0.016,159,1
1.6e-09,0.016,160,2
1.6e-09,0.016,162,1
1.6e-09,0.016,164,1
1.6e-09,0.016,165,1
1.6e-09,0.016,166,1
1.6e-09,0.016,168,1
1.6e-09,0.016,169,1
1.6e-09,0.016,170,1
1.6e-09,0.016,173,1
1.6e-09,0.016,175,1
1.6e-09,0.016,176,2
1.6e-09,0.016,178,1
1.6e-09,0.016,182,1
1.6e-09,0.016,184,1
1.6e-09,0.016,187,1
1.6e-09,0.016,189,1
1.6e-09,0.016,193,1
1.6e-09,0.016,194,1
1.6e-09,0.016,197,1
1.6e-09,0.016,202,1
1.6e-09,0.016,205,1
1.6e-09,0.016,206,1
1.6e-09,0.016,214,1
1.6e-09,0.016,218,1
1.6e-09,0.016,224,1
1.6e-09,0.016,238,1
1.6e-09,0.016,244,1
1.6e-09,0.016,246,1
1.6e-09,0.016,249,1
1.6e-09,0.016,261,1
1.6e-09,0.016,268,1
1.6e-09,0.016,276,1
1.6e-09,0.016,288,1
1.6e-09,0.016,291,1
1.6e-09,0.016,296,1
1.6e-09,0.016,305,1
1.6e-09,0.016,321,1
1.6e-09,0.016,343,1
1.6e-09,0.016,349,1
1.6e-09,0.016,363,1
1.6e-09,0.016,372,1
1.6e-09,0.016,392,1
1.6e-09,0.016,418,1
1.6e-09,0.016,436,1
1.6e-09,0.016,467,1
1.6e-09,0.016,477,1
1.6e-09,0.016,483,1
1.6e-09,0.016,564,1
1.6e-09,0.016,576,1
1.6e-09,0.016,596,1
1.6e-09,0.016,730,1
1.6e-09,0.016,740,1
1.6e-09,0.016,773,1
1.6e-09,0.05,0,95087
1.6e-09,0.05,1,2042
1.6e-09,0.05,2,726
1.6e-09,0.05,3,510
1.6e-09,0.05,4,305
1.6e-09,0.05,5,227
1.6e-09,0.05,6,184
1.6e-09,0.05,7,116
1.6e-09,0.05,8,117
1.6e-09,0.05,9,85
1.6e-09,0.05,10,85
1.6e-09,0.05,11,60
1.6e-09,0.05,12,65
1.6e-09,0.05,13,41
1.6e-09,0.05,14,42
1.6e-09,0.05,15,33
1.6e-09,0.05,16,26
1.6e-09,0.05,17,28
1.6e-09,0.05,18,21
1.6e-09,0.05,19,20
1.6e-09,0.05,20,15
1.6e-09,0.05,21,15
1.6e-09,0.05,22,9
1.6e-09,0.05,23,10
1.6e-09,0.05,24,16
1.6e-09,0.05,25,12
1.6e-09,0.05,26,8
1.6e-09,0.05,27,8
1.6e-09,0.05,28,7
1.6e-09,0.05,29,6
1.6e-09,0.05,30,9
1.6e-09,0.05,31,6
1.6e-09,0.05,32,7
1.6e-09,0.05,33,5
1.6e-09,0.05,34,4
1.6e-09,0.05,35,4
1.6e-09,0.05,36,3
1.6e-09,0.05,37,2
1.6e-09,0.05,38,2
1.6e-09,0.05,39,5
1.6e-09,0.05,40,2
1.6e-09,0.05,41,2
1.6e-09,0.05,42,2
1.6e-09,0.05,43,1
1.6e-09,0.05,44,2
1.6e-09,0.05,45,1
1.6e-09,0.05,46,1
1.6e-09,0.05,47,2
1.6e-09,0.05,49,3
1.6e-09,0.05,51,1
1.6e-09,0.05,52,3
1.6e-09,0.05,58,1
1.6e-09,0.05,60,1
1.6e-09,0.05,62,1
1.6e-09,0.05,65,1
1.6e-09,0.05,72,1
1.6e-09,0.05,91,2
1.6e-09,0.16,0,96615
1.6e-09,0.16,1,2019
1.6e-09,0.16,2,619
1.6e-09,0.16,3,308
1.6e-09,0.16,4,165
1.6e-09,0.16,5,100
1.6e-09,0.16,6,56
1.6e-09,0.16,7,37
1.6e-09,0.16,8,26
1.6e-09,0.16,9,20
1.6e-09,0.16,10,9
1.6e-09,0.16,11,7
1.6e-09,0.16,12,7
1.6e-09,0.16,13,2
1.6e-09,0.16,14,4
1.6e-09,0.16,15,2
1.6e-09,0.16,16,1
1.6e-09,0.16,17,1
1.6e-09,0.16,18,1
1.6e-09,0.16,19,1
1.6e-09,0.5,0,98174
1.6e-09,0.5,1,1582
1.6e-09,0.5,2,196
1.6e-09,0.5,3,42
1.6e-09,0.5,4,6
1.6e-09,1,0,98854
1.6e-09,1,1,1136
1.6e-09,1,2,10
