1e-09,1e-06,9.999990000000012e-10,98046
1e-09,1e-06,3.4198342069426337e-07,572
1e-09,1e-06,6.829668423889919e-07,223
1e-09,1e-06,1.0239502640841856e-06,131
1e-09,1e-06,1.364933685779844e-06,114
1e-09,1e-06,1.7059171074759679e-06,69
1e-09,1e-06,2.046900529172556e-06,62
1e-09,1e-06,2.3878839508696102e-06,54
1e-09,1e-06,2.7288673725671293e-06,55
1e-09,1e-06,3.069850794265113e-06,33
1e-09,1e-06,3.410834215963562e-06,33
1e-09,1e-06,3.7518176376624765e-06,33
1e-09,1e-06,4.092801059361856e-06,28
1e-09,1e-06,4.433784481061701e-06,21
1e-09,1e-06,4.774767902762009e-06,22
1e-09,1e-06,5.115751324462784e-06,19
1e-09,1e-06,5.456734746164023e-06,17
1e-09,1e-06,5.797718167865728e-06,14
1e-09,1e-06,6.1387015895679e-06,18
1e-09,1e-06,6.479685011270533e-06,14
1e-09,1e-06,6.820668432973633e-06,15
1e-09,1e-06,7.161651854677197e-06,11
1e-09,1e-06,7.502635276381228e-06,13
1e-09,1e-06,7.843618698085722e-06,12
1e-09,1e-06,8.18460211979068e-06,6
1e-09,1e-06,8.525585541496107e-06,6
1e-09,1e-06,8.866568963201998e-06,8
1e-09,1e-06,9.207552384908351e-06,8
1e-09,1e-06,9.548535806615177e-06,8
1e-09,1e-06,9.88951922832246e-06,9
1e-09,1e-06,1.0230502650030208e-05,7
1e-09,1e-06,1.0571486071738428e-05,9
1e-09,1e-06,1.0912469493447105e-05,5
1e-09,1e-06,1.125345291515625e-05,9
1e-09,1e-06,1.1594436336865866e-05,5
1e-09,1e-06,1.1935419758575943e-05,3
1e-09,1e-06,1.2276403180286482e-05,4
1e-09,1e-06,1.2617386601997483e-05,4
1e-09,1e-06,1.295837002370896e-05,6
1e-09,1e-06,1.3299353445420893e-05,4
1e-09,1e-06,1.3640336867133297e-05,5
1e-09,1e-06,1.3981320288846162e-05,6
1e-09,1e-06,1.4322303710559497e-05,2
1e-09,1e-06,1.466328713227329e-05,3
1e-09,1e-06,1.5004270553987553e-05,4
1e-09,1e-06,1.534525397570228e-05,4
1e-09,1e-06,1.568623739741747e-05,1
1e-09,1e-06,1.602722081913313e-05,2
1e-09,1e-06,1.6368204240849246e-05,4
1e-09,1e-06,1.670918766256583e-05,5
1e-09,1e-06,1.7050171084282887e-05,5
1e-09,1e-06,1.7391154506000404e-05,5
1e-09,1e-06,1.773213792771839e-05,7
1e-09,1e-06,1.8073121349436838e-05,3
1e-09,1e-06,1.841410477115575e-05,2
1e-09,1e-06,1.8755088192875128e-05,1
1e-09,1e-06,1.9096071614594966e-05,1
1e-09,1e-06,1.977803845803605e-05,5
1e-09,1e-06,2.011902187975729e-05,4
1e-09,1e-06,2.114197214492379e-05,2
1e-09,1e-06,2.1482955566646893e-05,2
1e-09,1e-06,2.1823938988370457e-05,3
1e-09,1e-06,2.2164922410094476e-05,1
1e-09,1e-06,2.250590583181897e-05,2
1e-09,1e-06,2.2846889253543937e-05,3
1e-09,1e-06,2.3187872675269355e-05,2
1e-09,1e-06,2.3528856096995255e-05,2
1e-09,1e-06,2.3869839518721608e-05,3
1e-09,1e-06,2.421082294044842e-05,4
1e-09,1e-06,2.4551806362175707e-05,2
1e-09,1e-06,2.5233773205631673e-05,2
1e-09,1e-06,2.5574756627360344e-05,1
1e-09,1e-06,2.5915740049089492e-05,3
1e-09,1e-06,2.6938690314279706e-05,1
1e-09,1e-06,2.7620657157742184e-05,1
1e-09,1e-06,2.7961640579474128e-05,2
1e-09,1e-06,2.8302624001206522e-05,4
1e-09,1e-06,2.8984590844672723e-05,5
1e-09,1e-06,2.9325574266406507e-05,1
1e-09,1e-06,2.9666557688140768e-05,1
1e-09,1e-06,3.000754110987551e-05,1
1e-09,1e-06,3.068950795334635e-05,1
1e-09,1e-06,3.171245821855611e-05,2
1e-09,1e-06,3.205344164029361e-05,3
1e-09,1e-06,3.23944250620316e-05,2
1e-09,1e-06,3.273540848377005e-05,1
1e-09,1e-06,3.3417375327248334e-05,3
1e-09,1e-06,3.3758358748988176e-05,1
1e-09,1e-06,3.409934217072848e-05,1
1e-09,1e-06,3.444032559246924e-05,1
1e-09,1e-06,3.4781309014210485e-05,1
1e-09,1e-06,3.512229243595218e-05,2
1e-09,1e-06,3.580425927943698e-05,2
1e-09,1e-06,3.6486226122923645e-05,1
1e-09,1e-06,3.716819296641217e-05,1
1e-09,1e-06,3.7509176388157115e-05,1
1e-09,1e-06,3.819114323164843e-05,1
1e-09,1e-06,3.921409349688889e-05,1
1e-09,1e-06,3.989606034038484e-05,3
1e-09,1e-06,4.023704376213352e-05,1
1e-09,1e-06,4.0578027183882664e-05,1
1e-09,1e-06,4.1941960870883874e-05,1
1e-09,1e-06,4.228294429263536e-05,3
1e-09,1e-06,4.2623927714387273e-05,1
1e-09,1e-06,4.5010811666663843e-05,1
1e-09,1e-06,4.535179508841948e-05,2
1e-09,1e-06,4.60337619319322e-05,1
1e-09,1e-06,4.6374745353689244e-05,1
1e-09,1e-06,4.6715728775446765e-05,1
1e-09,1e-06,4.7056712197204726e-05,1
1e-09,1e-06,4.773867904072209e-05,1
1e-09,1e-06,4.807966246248146e-05,1
1e-09,1e-06,5.012556299304748e-05,2
1e-09,1e-06,5.114851325833675e-05,1
1e-09,1e-06,5.148949668010079e-05,1
1e-09,1e-06,5.1830480101865276e-05,1
1e-09,1e-06,5.251244694539565e-05,3
1e-09,1e-06,5.387638063246198e-05,1
1e-09,1e-06,5.4217364054229735e-05,2
1e-09,1e-06,5.455834747599795e-05,1
1e-09,1e-06,5.489933089776662e-05,2
1e-09,1e-06,5.592228116307544e-05,2
1e-09,1e-06,5.626326458484597e-05,1
1e-09,1e-06,5.660424800661698e-05,1
1e-09,1e-06,5.728621485016038e-05,1
1e-09,1e-06,5.762719827193277e-05,1
1e-09,1e-06,5.8991131959027e-05,1
1e-09,1e-06,6.035506564612868e-05,1
1e-09,1e-06,6.103703248968232e-05,1
1e-09,1e-06,6.205998275501625e-05,1
1e-09,1e-06,6.274194959857452e-05,1
1e-09,1e-06,6.342391644213468e-05,1
1e-09,1e-06,6.410588328569668e-05,1
1e-09,1e-06,6.478785012926055e-05,1
1e-09,1e-06,6.512883355104317e-05,1
1e-09,1e-06,6.581080039460982e-05,2
1e-09,1e-06,6.615178381639383e-05,1
1e-09,1e-06,6.649276723817832e-05,1
1e-09,1e-06,6.71747340817487e-05,1
1e-09,1e-06,6.785670092532093e-05,1
1e-09,1e-06,6.819768434710776e-05,1
1e-09,1e-06,7.02435848778384e-05,1
1e-09,1e-06,7.058456829962847e-05,1
1e-09,1e-06,7.092555172141901e-05,1
1e-09,1e-06,7.433538593934992e-05,2
1e-09,1e-06,7.467636936114558e-05,1
1e-09,1e-06,7.740423673552754e-05,1
1e-09,1e-06,7.808620357912766e-05,1
1e-09,1e-06,7.945013726633349e-05,1
1e-09,1e-06,8.183702121896168e-05,1
1e-09,1e-06,8.354193832799571e-05,1
1e-09,1e-06,8.456488859342174e-05,1
1e-09,1e-06,9.00206233424312e-05,1
1e-09,1e-06,9.070259018606574e-05,1
1e-09,1e-06,9.343045756062257e-05,1
1e-09,1e-06,9.445340782608905e-05,1
1e-09,1e-06,0.00010365996021547574,1
1e-09,1e-06,0.0001046829104809841,1
1e-09,1e-06,0.0001053648773246586,1
1e-09,1e-06,0.00010911569496490193,1
1e-09,1e-06,0.000110820612074122,2
1e-09,1e-06,0.00011116159549596741,1
1e-09,1e-06,0.00011832224735482855,1
1e-09,1e-06,0.00011900421419854028,1
1e-09,1e-06,0.00012139109815154609,1
1e-09,1e-06,0.0001230960152608499,1
1e-09,1e-06,0.0001309386339637972,1
1e-09,1e-06,0.00013844026924510745,1
1e-09,1e-06,0.00015071567243319154,1
1e-09,1e-06,0.00015344353980840312,1
1e-09,1e-06,0.00015992222482465009,1
1e-09,1e-06,0.00016162714193421665,1
1e-09,1e-06,0.00016196812535613136,1
1e-09,1e-06,0.00016742386010683,1
1e-09,1e-06,0.00016912877721644775,1
1e-09,1e-06,0.0001725386114357181,1
1e-09,1e-06,0.0001807222135621567,1
1e-09,1e-06,0.00018720089857911053,1
1e-09,1e-06,0.0002308467765924385,1
1e-09,1e-06,0.00023493857765657873,1
1e-09,1e-06,0.000244827096895194,1
1e-09,1e-06,0.0002547156161342002,1
1e-09,1e-06,0.00028369920700940305,1
1e-09,1e-06,0.00029324674282785266,1
1e-09,1e-06,0.0003058631294456491,1
1e-09,1e-06,0.00030825001340043884,1
1e-09,1e-06,0.000313023781310087,1
1e-09,1e-06,0.00033075491926100624,1
1e-09,1e-06,0.0003508729411683801,1
1e-09,1e-06,0.0004067942224109405,1
1e-09,1e-06,0.0004603286197097449,1
1e-09,1e-06,0.0005220466191576247,1
1e-09,1e-06,0.0005868334694231722,1
1e-09,1e-06,0.0007791481197840012,1
1e-09,1e-06,0.0008517775888417367,1
1e-09,1e-06,0.0010386365046365464,1
1e-09,1e-06,0.0012108331333667336,1
1e-09,1e-06,0.001355069121483499,1
1e-09,1e-06,0.0016534296172610106,1
1e-09,1e-06,0.0020799998809853835,1
1e-09,1e-06,0.0024005243002500082,1
1e-09,1e-06,0.003196038631966475,1
1e-09,1e-06,0.003199107482800972,1
1e-09,1e-06,0.0038381104240491947,1
1e-09,1e-06,0.005532116094771583,1
1e-09,1e-06,0.007391498741329039,1
1e-09,1e-06,0.018160778699051097,1
1e-09,1e-06,0.03214280531230753,1
1e-09,1e-06,0.033916260322843846,1
1e-09,1e-06,0.09793455069394484,1
1e-09,1e-06,0.19850835251823817,1
1e-09,1e-06,0.3309017848568218,1
1e-09,3e-06,9.99997000000003e-10,98022
1e-09,3e-06,3.4198205476104315e-07,560
1e-09,3e-06,6.829641125234814e-07,212
1e-09,3e-06,1.0239461702873149e-06,168
1e-09,3e-06,1.3649282280525437e-06,106
1e-09,3e-06,1.7059102858191677e-06,88
1e-09,3e-06,2.046892343587187e-06,67
1e-09,3e-06,2.387874401356601e-06,64
1e-09,3e-06,2.72885645912741e-06,44
1e-09,3e-06,3.0698385168996153e-06,46
1e-09,3e-06,3.4108205746732153e-06,40
1e-09,3e-06,3.7518026324482118e-06,24
1e-09,3e-06,4.092784690224602e-06,29
1e-09,3e-06,4.4337667480023885e-06,22
1e-09,3e-06,4.77474880578157e-06,24
1e-09,3e-06,5.115730863562145e-06,18
1e-09,3e-06,5.456712921344116e-06,7
1e-09,3e-06,5.797694979127482e-06,14
1e-09,3e-06,6.138677036912246e-06,18
1e-09,3e-06,6.479659094698403e-06,14
1e-09,3e-06,6.820641152485954e-06,17
1e-09,3e-06,7.1616232102749015e-06,13
1e-09,3e-06,7.502605268065247e-06,9
1e-09,3e-06,7.843587325856983e-06,8
1e-09,3e-06,8.184569383650116e-06,6
1e-09,3e-06,8.525551441444645e-06,7
1e-09,3e-06,8.86653349924057e-06,12
1e-09,3e-06,9.207515557037884e-06,6
1e-09,3e-06,9.548497614836602e-06,9
1e-09,3e-06,9.88947967263671e-06,11
1e-09,3e-06,1.0230461730438216e-05,6
1e-09,3e-06,1.0571443788241113e-05,6
1e-09,3e-06,1.091242584604541e-05,7
1e-09,3e-06,1.12534079038511e-05,4
1e-09,3e-06,1.1594389961658188e-05,9
1e-09,3e-06,1.1935372019466668e-05,4
1e-09,3e-06,1.2276354077276543e-05,2
1e-09,3e-06,1.2617336135087813e-05,4
1e-09,3e-06,1.2958318192900482e-05,7
1e-09,3e-06,1.3299300250714539e-05,4
1e-09,3e-06,1.3640282308529997e-05,2
1e-09,3e-06,1.398126436634685e-05,6
1e-09,3e-06,1.4322246424165098e-05,5
1e-09,3e-06,1.4663228481984743e-05,1
1e-09,3e-06,1.5004210539805778e-05,4
1e-09,3e-06,1.5345192597628207e-05,5
1e-09,3e-06,1.568617465545204e-05,2
1e-09,3e-06,1.6027156713277274e-05,3
1e-09,3e-06,1.6368138771103888e-05,5
1e-09,3e-06,1.6709120828931894e-05,2
1e-09,3e-06,1.7050102886761303e-05,5
1e-09,3e-06,1.739108494459211e-05,1
1e-09,3e-06,1.773206700242431e-05,1
1e-09,3e-06,1.807304906025791e-05,5
1e-09,3e-06,1.8414031118092895e-05,3
1e-09,3e-06,1.9095995233767064e-05,5
1e-09,3e-06,1.9436977291606234e-05,2
1e-09,3e-06,1.9777959349446814e-05,3
1e-09,3e-06,2.0118941407288773e-05,2
1e-09,3e-06,2.0459923465132137e-05,4
1e-09,3e-06,2.080090552297689e-05,1
1e-09,3e-06,2.1141887580823044e-05,1
1e-09,3e-06,2.1482869638670587e-05,5
1e-09,3e-06,2.182385169651954e-05,1
1e-09,3e-06,2.25058158122216e-05,3
1e-09,3e-06,2.284679787007473e-05,1
1e-09,3e-06,2.318777992792925e-05,2
1e-09,3e-06,2.3528761985785178e-05,1
1e-09,3e-06,2.3869744043642485e-05,3
1e-09,3e-06,2.4210726101501194e-05,1
1e-09,3e-06,2.4551708159361303e-05,2
1e-09,3e-06,2.5233672275085695e-05,2
1e-09,3e-06,2.5574654332949975e-05,6
1e-09,3e-06,2.5915636390815674e-05,1
1e-09,3e-06,2.625661844868275e-05,1
1e-09,3e-06,2.659760050655123e-05,1
1e-09,3e-06,2.69385825644211e-05,1
1e-09,3e-06,2.7620546680165024e-05,2
1e-09,3e-06,2.7961528738039082e-05,2
1e-09,3e-06,2.8643492853791385e-05,2
1e-09,3e-06,2.8984474911669617e-05,2
1e-09,3e-06,2.932545696954926e-05,2
1e-09,3e-06,2.966643902743029e-05,3
1e-09,3e-06,3.0348403143196545e-05,2
1e-09,3e-06,3.103036725896837e-05,1
1e-09,3e-06,3.239429549052878e-05,3
1e-09,3e-06,3.2735277548422366e-05,2
1e-09,3e-06,3.4781169895813216e-05,3
1e-09,3e-06,3.580411606952746e-05,1
1e-09,3e-06,3.648608018534395e-05,1
1e-09,3e-06,3.7168044301165994e-05,2
1e-09,3e-06,3.8190990474909574e-05,2
1e-09,3e-06,3.8872954590745564e-05,2
1e-09,3e-06,3.989590076451003e-05,1
1e-09,3e-06,4.0236882822434336e-05,3
1e-09,3e-06,4.091884693828709e-05,2
1e-09,3e-06,4.160081105414542e-05,1
1e-09,3e-06,4.2964739285878836e-05,1
1e-09,3e-06,4.3646703401753925e-05,1
1e-09,3e-06,4.3987685459693554e-05,1
1e-09,3e-06,4.501063163352081e-05,1
1e-09,3e-06,4.6033577807360644e-05,1
1e-09,3e-06,4.876143427099491e-05,2
1e-09,3e-06,5.046634456081166e-05,2
1e-09,3e-06,5.1148308676748115e-05,1
1e-09,3e-06,5.148929073471845e-05,3
1e-09,3e-06,5.183027279269017e-05,1
1e-09,3e-06,5.353518308256971e-05,1
1e-09,3e-06,5.524009337248414e-05,1
1e-09,3e-06,5.558107543047121e-05,1
1e-09,3e-06,5.6263039546449516e-05,1
1e-09,3e-06,5.7285985720427494e-05,1
1e-09,3e-06,5.864991395241763e-05,1
1e-09,3e-06,5.8990896010418655e-05,1
1e-09,3e-06,5.967286012642488e-05,1
1e-09,3e-06,6.0354824242436685e-05,1
1e-09,3e-06,6.103678835845407e-05,1
1e-09,3e-06,6.171875247447702e-05,1
1e-09,3e-06,6.274169864852196e-05,1
1e-09,3e-06,6.34236627645589e-05,1
1e-09,3e-06,6.61515192287624e-05,2
1e-09,3e-06,6.956133980914238e-05,2
1e-09,3e-06,6.990232186718805e-05,2
1e-09,3e-06,7.024330392523512e-05,2
1e-09,3e-06,7.058428598328352e-05,3
1e-09,3e-06,7.194821421549133e-05,3
1e-09,3e-06,7.501705273804049e-05,1
1e-09,3e-06,7.638098097032084e-05,1
1e-09,3e-06,7.706294508646937e-05,1
1e-09,3e-06,7.740392714454575e-05,2
1e-09,3e-06,8.115472978347783e-05,1
1e-09,3e-06,8.251865801585865e-05,1
1e-09,3e-06,8.490553242257875e-05,1
1e-09,3e-06,8.592847859690829e-05,1
1e-09,3e-06,8.626946065502096e-05,1
1e-09,3e-06,8.695142477125042e-05,1
1e-09,3e-06,8.797437094560509e-05,1
1e-09,3e-06,8.83153530037261e-05,1
1e-09,3e-06,8.93382991780975e-05,1
1e-09,3e-06,9.172517358501296e-05,1
1e-09,3e-06,9.34300838757087e-05,1
1e-09,3e-06,9.377106593385203e-05,1
1e-09,3e-06,9.990874298067065e-05,1
1e-09,3e-06,0.00010093168915518438,1
1e-09,3e-06,0.00010297758150424948,1
1e-09,3e-06,0.00010536445591155555,1
1e-09,3e-06,0.00010775133031893009,1
1e-09,3e-06,0.000108092312377132,1
1e-09,3e-06,0.00010877427649354006,2
1e-09,3e-06,0.00010979722266816261,1
1e-09,3e-06,0.0001118431150174454,1
1e-09,3e-06,0.00011559391765792757,1
1e-09,3e-06,0.00011729882794911164,1
1e-09,3e-06,0.00011934472029857857,1
1e-09,3e-06,0.00012480043323073595,1
1e-09,3e-06,0.00012582337940555524,1
1e-09,3e-06,0.00012718730763866713,1
1e-09,3e-06,0.00012889221793008844,1
1e-09,3e-06,0.00014491837467115327,1
1e-09,3e-06,0.00014525935672950733,1
1e-09,3e-06,0.00015446587230559303,1
1e-09,3e-06,0.00015617078259757243,1
1e-09,3e-06,0.00015855765700640217,1
1e-09,3e-06,0.0001837903293324976,1
1e-09,3e-06,0.0001878821140347465,1
1e-09,3e-06,0.00019640666549841052,1
1e-09,3e-06,0.0002015213963770274,1
1e-09,3e-06,0.00023493763812504988,1
1e-09,3e-06,0.0002959734266585788,1
1e-09,3e-06,0.00030006521136633597,1
1e-09,3e-06,0.0003075668166644128,1
1e-09,3e-06,0.0003085897628414757,1
1e-09,3e-06,0.0003177962784356059,1
1e-09,3e-06,0.00033075359668091977,1
1e-09,3e-06,0.0003430289508099176,1
1e-09,3e-06,0.0003825828696823223,1
1e-09,3e-06,0.0003992909905909608,1
1e-09,3e-06,0.00042656955534695816,1
1e-09,3e-06,0.0004477104430389979,1
1e-09,3e-06,0.0004726021333929518,1
1e-09,3e-06,0.0004790807925273921,1
1e-09,3e-06,0.00048317257724414027,1
1e-09,3e-06,0.0005179527473446111,1
1e-09,3e-06,0.0005217035500033724,1
1e-09,3e-06,0.0006437751275352066,1
1e-09,3e-06,0.0007126535037633681,1
1e-09,3e-06,0.0008197218708845308,1
1e-09,3e-06,0.0010144226280083442,1
1e-09,3e-06,0.0011924152645160513,1
1e-09,3e-06,0.0012421986456762823,1
1e-09,3e-06,0.001347221121098154,1
1e-09,3e-06,0.001548741520736094,1
1e-09,3e-06,0.0015688594625202727,1
1e-09,3e-06,0.0020339589993594084,1
1e-09,3e-06,0.0021331847806486007,1
1e-09,3e-06,0.0023681214247906154,1
1e-09,3e-06,0.003076341181894135,1
1e-09,3e-06,0.0036860171259067453,1
1e-09,3e-06,0.003978238762845347,1
1e-09,3e-06,0.004117700431243775,1
1e-09,3e-06,0.005375924296050172,1
1e-09,3e-06,0.005475150081318681,1
1e-09,3e-06,0.010926089793089303,1
1e-09,3e-06,0.014264645625225595,1
1e-09,3e-06,0.020547582333857665,1
1e-09,3e-06,0.02523745084464992,1
1e-09,3e-06,0.05112823035341047,1
1e-09,1e-05,9.999900000000103e-10,98086
1e-09,1e-05,3.419772740162539e-07,580
1e-09,1e-05,6.829545580371585e-07,226
1e-09,1e-05,1.0239318420627134e-06,146
1e-09,1e-05,1.364909126092919e-06,90
1e-09,1e-05,1.705886410127776e-06,74
1e-09,1e-05,2.0468636941672827e-06,56
1e-09,1e-05,2.387840978211441e-06,53
1e-09,1e-05,2.7288182622602488e-06,54
1e-09,1e-05,3.0697955463137075e-06,41
1e-09,1e-05,3.4107728303718177e-06,32
1e-09,1e-05,3.7517501144345778e-06,24
1e-09,1e-05,4.092727398501988e-06,27
1e-09,1e-05,4.4337046825740514e-06,19
1e-09,1e-05,4.774681966650763e-06,21
1e-09,1e-05,5.1156592507321255e-06,12
1e-09,1e-05,5.45663653481814e-06,25
1e-09,1e-05,5.797613818908804e-06,24
1e-09,1e-05,6.138591103004118e-06,12
1e-09,1e-05,6.479568387104081e-06,16
1e-09,1e-05,6.820545671208699e-06,14
1e-09,1e-05,7.1615229553179655e-06,10
1e-09,1e-05,7.502500239431885e-06,6
1e-09,1e-05,7.843477523550454e-06,8
1e-09,1e-05,8.184454807673671e-06,3
1e-09,1e-05,8.525432091801538e-06,13
1e-09,1e-05,8.866409375934059e-06,6
1e-09,1e-05,9.207386660071228e-06,7
1e-09,1e-05,9.54836394421305e-06,10
1e-09,1e-05,9.889341228359524e-06,8
1e-09,1e-05,1.0230318512510648e-05,2
1e-09,1e-05,1.057129579666642e-05,6
1e-09,1e-05,1.091227308082684e-05,4
1e-09,1e-05,1.1253250364991917e-05,10
1e-09,1e-05,1.159422764916164e-05,4
1e-09,1e-05,1.1935204933336018e-05,5
1e-09,1e-05,1.2276182217515046e-05,5
1e-09,1e-05,1.2617159501698722e-05,4
1e-09,1e-05,1.2958136785887047e-05,5
1e-09,1e-05,1.3299114070080026e-05,5
1e-09,1e-05,1.3640091354277656e-05,5
1e-09,1e-05,1.3981068638479939e-05,3
1e-09,1e-05,1.4322045922686865e-05,2
1e-09,1e-05,1.4663023206898446e-05,2
1e-09,1e-05,1.5004000491114679e-05,1
1e-09,1e-05,1.5344977775335555e-05,1
1e-09,1e-05,1.568595505956109e-05,2
1e-09,1e-05,1.6026932343791278e-05,3
1e-09,1e-05,1.6367909628026112e-05,5
1e-09,1e-05,1.6708886912265598e-05,3
1e-09,1e-05,1.704986419650973e-05,7
1e-09,1e-05,1.7390841480758518e-05,3
1e-09,1e-05,1.7731818765011953e-05,1
1e-09,1e-05,1.8072796049270043e-05,2
1e-09,1e-05,1.8413773333532775e-05,3
1e-09,1e-05,1.8754750617800165e-05,1
1e-09,1e-05,1.90957279020722e-05,5
1e-09,1e-05,1.94367051863489e-05,2
1e-09,1e-05,1.9777682470630235e-05,3
1e-09,1e-05,2.0118659754916226e-05,2
1e-09,1e-05,2.0459637039206876e-05,6
1e-09,1e-05,2.0800614323502154e-05,1
1e-09,1e-05,2.1141591607802108e-05,2
1e-09,1e-05,2.1482568892106697e-05,4
1e-09,1e-05,2.1823546176415948e-05,3
1e-09,1e-05,2.2164523460729844e-05,6
1e-09,1e-05,2.2846478029371574e-05,2
1e-09,1e-05,2.3187455313699426e-05,1
1e-09,1e-05,2.3528432598031926e-05,1
1e-09,1e-05,2.3869409882369078e-05,4
1e-09,1e-05,2.4210387166710872e-05,2
1e-09,1e-05,2.455136445105732e-05,2
1e-09,1e-05,2.489234173540842e-05,1
1e-09,1e-05,2.5233319019764172e-05,2
1e-09,1e-05,2.591527358848963e-05,1
1e-09,1e-05,2.6597228157233686e-05,1
1e-09,1e-05,2.693820544161268e-05,5
1e-09,1e-05,2.727918272599634e-05,1
1e-09,1e-05,2.762016001038465e-05,2
1e-09,1e-05,2.830211457917521e-05,4
1e-09,1e-05,2.898406914798438e-05,1
1e-09,1e-05,2.932504643239593e-05,1
1e-09,1e-05,2.9666023716812145e-05,3
1e-09,1e-05,3.0007001001233007e-05,1
1e-09,1e-05,3.0347978285658515e-05,2
1e-09,1e-05,3.068895557008868e-05,1
1e-09,1e-05,3.10299328545235e-05,1
1e-09,1e-05,3.205286470785583e-05,2
1e-09,1e-05,3.2393841992309235e-05,1
1e-09,1e-05,3.273481927676729e-05,4
1e-09,1e-05,3.307579656123002e-05,1
1e-09,1e-05,3.37577511301694e-05,2
1e-09,1e-05,3.409872841464606e-05,1
1e-09,1e-05,3.512166026810398e-05,1
1e-09,1e-05,3.546263755259924e-05,1
1e-09,1e-05,3.6485569406112966e-05,3
1e-09,1e-05,3.7167523975145355e-05,1
1e-09,1e-05,3.7508501259668526e-05,1
1e-09,1e-05,3.8531433113265956e-05,2
1e-09,1e-05,3.887241039780774e-05,1
1e-09,1e-05,3.921338768235416e-05,3
1e-09,1e-05,3.989534225146097e-05,1
1e-09,1e-05,4.057729682058638e-05,2
1e-09,1e-05,4.0918274105156064e-05,1
1e-09,1e-05,4.125925138973039e-05,1
1e-09,1e-05,4.1941205958893004e-05,1
1e-09,1e-05,4.2623160528074234e-05,1
1e-09,1e-05,4.330511509727404e-05,1
1e-09,1e-05,4.398706966649247e-05,1
1e-09,1e-05,4.4669024235729494e-05,1
1e-09,1e-05,4.535097880498511e-05,1
1e-09,1e-05,4.603293337425934e-05,2
1e-09,1e-05,4.773781979752631e-05,1
1e-09,1e-05,4.876075165154229e-05,1
1e-09,1e-05,5.046563807499527e-05,2
1e-09,1e-05,5.0806615359699815e-05,3
1e-09,1e-05,5.251150178329233e-05,1
1e-09,1e-05,5.285247906802478e-05,1
1e-09,1e-05,5.319345635276188e-05,2
1e-09,1e-05,5.353443363750364e-05,1
1e-09,1e-05,5.387541092225004e-05,1
1e-09,1e-05,5.626225191560508e-05,1
1e-09,1e-05,5.933104747882501e-05,1
1e-09,1e-05,6.035397933331537e-05,1
1e-09,1e-05,6.546863860639493e-05,1
1e-09,1e-05,6.580961589130412e-05,1
1e-09,1e-05,6.615059317621795e-05,1
1e-09,1e-05,6.921938874065166e-05,2
1e-09,1e-05,6.9560366025612e-05,1
1e-09,1e-05,7.024232059554662e-05,1
1e-09,1e-05,7.058329788052091e-05,1
1e-09,1e-05,7.16062297354717e-05,1
1e-09,1e-05,7.194720702046458e-05,1
1e-09,1e-05,7.297013887547114e-05,1
1e-09,1e-05,7.56979571556933e-05,1
1e-09,1e-05,7.603893444074198e-05,1
1e-09,1e-05,7.637991172579533e-05,1
1e-09,1e-05,7.672088901085335e-05,1
1e-09,1e-05,7.706186629591597e-05,1
1e-09,1e-05,7.774382086605524e-05,1
1e-09,1e-05,7.842577543621309e-05,1
1e-09,1e-05,8.047163914679825e-05,1
1e-09,1e-05,8.592727570917722e-05,1
1e-09,1e-05,8.831411670559241e-05,1
1e-09,1e-05,9.820245797888293e-05,1
1e-09,1e-05,9.854343526423856e-05,1
1e-09,1e-05,0.00010297613997428509,1
1e-09,1e-05,0.00011115959482566658,1
1e-09,1e-05,0.00011184154939673599,1
1e-09,1e-05,0.00011252350396782394,2
1e-09,1e-05,0.00011422839039562531,1
1e-09,1e-05,0.0001244577089648749,1
1e-09,1e-05,0.00012991334553685282,1
1e-09,1e-05,0.00013707386853938053,1
1e-09,1e-05,0.0001401426641125203,1
1e-09,1e-05,0.00014457536882994275,1
1e-09,1e-05,0.00014798514169003332,1
1e-09,1e-05,0.00015241784640884626,2
1e-09,1e-05,0.00019401707534677385,1
1e-09,1e-05,0.00019742684821360778,1
1e-09,1e-05,0.0002066332349563826,1
1e-09,1e-05,0.0002414129182374616,1
1e-09,1e-05,0.000270055010387622,1
1e-09,1e-05,0.00029494635240191215,1
1e-09,1e-05,0.00030347078460428385,1
1e-09,1e-05,0.00031983769444098536,1
1e-09,1e-05,0.0003310899449599334,1
1e-09,1e-05,0.00033415874055688907,1
1e-09,1e-05,0.00033654558157700384,1
1e-09,1e-05,0.00035427640059070546,1
1e-09,1e-05,0.00036041399179068595,1
1e-09,1e-05,0.0003788267653996681,1
1e-09,1e-05,0.0004183801309759298,1
1e-09,1e-05,0.00042758651780007217,1
1e-09,1e-05,0.0004736184519716389,1
1e-09,1e-05,0.0004862346117223482,1
1e-09,1e-05,0.0006594510759704693,1
1e-09,1e-05,0.0006679755082971293,1
1e-09,1e-05,0.0008289167911699567,1
1e-09,1e-05,0.000990881006971438,1
1e-09,1e-05,0.0011136328343831316,1
1e-09,1e-05,0.0011678482250151842,1
1e-09,1e-05,0.0019381159574513361,1
1e-09,1e-05,0.0020291568995067723,1
1e-09,1e-05,0.002153613618583381,1
1e-09,1e-05,0.002731229194134459,1
1e-09,1e-05,0.003331690264094267,1
1e-09,1e-05,0.0038455431048644365,1
1e-09,1e-05,0.004780502978931527,1
1e-09,1e-05,0.004992249913691383,1
1e-09,1e-05,0.015249873701423859,1
1e-09,1e-05,0.016086291503315024,1
1e-09,1e-05,0.027856496714552335,1
1e-09,1e-05,0.034604445594890856,1
1e-09,1e-05,0.050343301810129394,1
1e-09,1e-05,0.06918711548223741,1
1e-09,1e-05,0.16412756857808766,1
1e-09,1e-05,0.16472257785207964,1
1e-09,3e-05,9.9997000000003e-10,98036
1e-09,3e-05,3.419636149295585e-07,618
1e-09,3e-05,6.829272598730679e-07,211
1e-09,3e-05,1.0238909048305282e-06,161
1e-09,3e-05,1.3648545498019397e-06,108
1e-09,3e-05,1.7058181947873018e-06,69
1e-09,3e-05,2.046781839786615e-06,75
1e-09,3e-05,2.3877454847998785e-06,44
1e-09,3e-05,2.728709129827094e-06,39
1e-09,3e-05,3.0696727748682606e-06,43
1e-09,3e-05,3.4106364199233774e-06,27
1e-09,3e-05,3.751600064992446e-06,33
1e-09,3e-05,4.092563710075465e-06,26
1e-09,3e-05,4.433527355172434e-06,22
1e-09,3e-05,4.774491000283355e-06,30
1e-09,3e-05,5.115454645408227e-06,16
1e-09,3e-05,5.4564182905470495e-06,14
1e-09,3e-05,5.797381935699822e-06,20
1e-09,3e-05,6.138345580866548e-06,16
1e-09,3e-05,6.479309226047223e-06,12
1e-09,3e-05,6.82027287124185e-06,13
1e-09,3e-05,7.161236516450426e-06,11
1e-09,3e-05,7.502200161672957e-06,6
1e-09,3e-05,7.843163806909434e-06,9
1e-09,3e-05,8.184127452159866e-06,9
1e-09,3e-05,8.525091097424245e-06,9
1e-09,3e-05,8.866054742702578e-06,13
1e-09,3e-05,9.207018387994862e-06,2
1e-09,3e-05,9.547982033301098e-06,10
1e-09,3e-05,9.888945678621284e-06,8
1e-09,3e-05,1.0229909323955418e-05,5
1e-09,3e-05,1.0570872969303504e-05,3
1e-09,3e-05,1.0911836614665543e-05,8
1e-09,3e-05,1.1252800260041532e-05,1
1e-09,3e-05,1.1593763905431476e-05,9
1e-09,3e-05,1.1934727550835363e-05,5
1e-09,3e-05,1.2275691196253206e-05,4
1e-09,3e-05,1.2616654841684996e-05,5
1e-09,3e-05,1.2957618487130742e-05,8
1e-09,3e-05,1.3298582132590434e-05,5
1e-09,3e-05,1.3639545778064084e-05,2
1e-09,3e-05,1.3980509423551675e-05,2
1e-09,3e-05,1.4321473069053227e-05,2
1e-09,3e-05,1.4662436714568728e-05,7
1e-09,3e-05,1.5003400360098178e-05,3
1e-09,3e-05,1.5344364005641578e-05,4
1e-09,3e-05,1.5685327651198924e-05,4
1e-09,3e-05,1.602629129677023e-05,2
1e-09,3e-05,1.6367254942355483e-05,3
1e-09,3e-05,1.670821858795468e-05,4
1e-09,3e-05,1.704918223356784e-05,3
1e-09,3e-05,1.7390145879194942e-05,3
1e-09,3e-05,1.7731109524836002e-05,4
1e-09,3e-05,1.807207317049101e-05,1
1e-09,3e-05,1.8413036816159972e-05,2
1e-09,3e-05,1.8754000461842885e-05,3
1e-09,3e-05,1.909496410753974e-05,2
1e-09,3e-05,1.943592775325056e-05,6
1e-09,3e-05,1.977689139897532e-05,3
1e-09,3e-05,2.011785504471403e-05,1
1e-09,3e-05,2.0458818690466697e-05,2
1e-09,3e-05,2.079978233623331e-05,2
1e-09,3e-05,2.114074598201388e-05,3
1e-09,3e-05,2.1481709627808396e-05,1
1e-09,3e-05,2.1822673273616873e-05,2
1e-09,3e-05,2.2163636919439286e-05,4
1e-09,3e-05,2.2504600565275648e-05,5
1e-09,3e-05,2.2845564211125976e-05,2
1e-09,3e-05,2.3186527856990246e-05,2
1e-09,3e-05,2.3527491502868465e-05,2
1e-09,3e-05,2.3868455148760643e-05,3
1e-09,3e-05,2.420941879466677e-05,1
1e-09,3e-05,2.4891346086520878e-05,2
1e-09,3e-05,2.5232309732468845e-05,1
1e-09,3e-05,2.5573273378430774e-05,2
1e-09,3e-05,2.5914237024406663e-05,1
1e-09,3e-05,2.6255200670396497e-05,1
1e-09,3e-05,2.659616431640027e-05,2
1e-09,3e-05,2.6937127962418005e-05,1
1e-09,3e-05,2.7278091608449696e-05,3
1e-09,3e-05,2.7960018900554905e-05,3
1e-09,3e-05,2.8300982546628443e-05,1
1e-09,3e-05,2.864194619271593e-05,1
1e-09,3e-05,3.0005800777205394e-05,1
1e-09,3e-05,3.0346764423362646e-05,2
1e-09,3e-05,3.1028691715718966e-05,1
1e-09,3e-05,3.1369655361918065e-05,1
1e-09,3e-05,3.307447359312281e-05,3
1e-09,3e-05,3.3415437239405616e-05,1
1e-09,3e-05,3.4097364532013064e-05,1
1e-09,3e-05,3.4779291824676336e-05,2
1e-09,3e-05,3.512025547102889e-05,1
1e-09,3e-05,3.5802182763775855e-05,1
1e-09,3e-05,3.784796464235157e-05,1
1e-09,3e-05,3.818892828882967e-05,1
1e-09,3e-05,3.852989193532173e-05,1
1e-09,3e-05,3.8870855581827756e-05,1
1e-09,3e-05,3.9211819228347724e-05,2
1e-09,3e-05,3.9552782874881645e-05,2
1e-09,3e-05,4.091663746115682e-05,1
1e-09,3e-05,4.1939528401009694e-05,2
1e-09,3e-05,4.398531028109211e-05,2
1e-09,3e-05,4.534916486809275e-05,2
1e-09,3e-05,4.5690128514877774e-05,1
1e-09,3e-05,4.637205580848971e-05,3
1e-09,3e-05,4.6713019455316594e-05,1
1e-09,3e-05,4.773591039588097e-05,1
1e-09,3e-05,4.87588013365709e-05,1
1e-09,3e-05,4.9440728630433937e-05,1
1e-09,3e-05,4.9781692277386386e-05,1
1e-09,3e-05,5.285036510058621e-05,1
1e-09,3e-05,5.421421968903773e-05,1
1e-09,3e-05,5.48961469833472e-05,1
1e-09,3e-05,5.626000157213354e-05,1
1e-09,3e-05,5.9669638045076e-05,1
1e-09,3e-05,6.205638357696578e-05,1
1e-09,3e-05,6.239734722443445e-05,1
1e-09,3e-05,6.342023816692405e-05,1
1e-09,3e-05,6.751180193813803e-05,1
1e-09,3e-05,6.887565652898914e-05,1
1e-09,3e-05,6.921662017673676e-05,1
1e-09,3e-05,6.989854747227392e-05,2
1e-09,3e-05,7.126240206351568e-05,1
1e-09,3e-05,7.194432935922022e-05,1
1e-09,3e-05,7.330818395079676e-05,1
1e-09,3e-05,7.467203854259652e-05,1
1e-09,3e-05,7.501300219058134e-05,1
1e-09,3e-05,7.535396583858012e-05,1
1e-09,3e-05,7.603589313461951e-05,1
1e-09,3e-05,7.637685678266012e-05,1
1e-09,3e-05,7.842263867119685e-05,1
1e-09,3e-05,7.876360231933509e-05,1
1e-09,3e-05,7.910456596748736e-05,1
1e-09,3e-05,7.944552961565351e-05,1
1e-09,3e-05,8.25142024497769e-05,1
1e-09,3e-05,8.421902069144486e-05,1
1e-09,3e-05,8.455998433982032e-05,1
1e-09,3e-05,8.524191163661306e-05,1
1e-09,3e-05,8.694672987883907e-05,2
1e-09,3e-05,9.206118460760967e-05,1
1e-09,3e-05,9.274311190501625e-05,2
1e-09,3e-05,9.410696649999685e-05,1
1e-09,3e-05,9.581178474403646e-05,1
1e-09,3e-05,9.649371204174998e-05,1
1e-09,3e-05,9.853949393522532e-05,1
1e-09,3e-05,9.88804575841867e-05,1
1e-09,3e-05,0.0001087684034101355,1
1e-09,3e-05,0.00011013225800773885,1
1e-09,3e-05,0.00011081418530662425,1
1e-09,3e-05,0.00011320093085316258,1
1e-09,3e-05,0.00011729249464881861,1
1e-09,3e-05,0.00012172502209637972,1
1e-09,3e-05,0.00013365874985153223,1
1e-09,3e-05,0.00013706838635614335,1
1e-09,3e-05,0.00014115995016351823,1
1e-09,3e-05,0.00014456958667119856,1
1e-09,3e-05,0.0001684370422640235,1
1e-09,3e-05,0.00017218764243482547,1
1e-09,3e-05,0.0001749153516510144,1
1e-09,3e-05,0.0001783249881725062,1
1e-09,3e-05,0.00018889486139799652,1
1e-09,3e-05,0.0001991237709838168,1
1e-09,3e-05,0.0002301514634709453,1
1e-09,3e-05,0.0002386755548337919,1
1e-09,3e-05,0.0002509502464116092,1
1e-09,3e-05,0.0002529960283430032,1
1e-09,3e-05,0.00025845144682917596,1
1e-09,3e-05,0.0002591333741401988,1
1e-09,3e-05,0.0002853875756570051,1
1e-09,3e-05,0.000296298412675333,1
1e-09,3e-05,0.0003586947621483459,1
1e-09,3e-05,0.00045348266005595727,1
1e-09,3e-05,0.000519288647366916,1
1e-09,3e-05,0.0005530440503861016,1
1e-09,3e-05,0.0005595223600720893,1
1e-09,3e-05,0.000661470497372718,1
1e-09,3e-05,0.0006863608454649731,1
1e-09,3e-05,0.0007010222834171229,1
1e-09,3e-05,0.0007913776574124988,1
1e-09,3e-05,0.0010829016066056006,1
1e-09,3e-05,0.0010965401541859936,1
1e-09,3e-05,0.0013007774068723292,1
1e-09,3e-05,0.0016219652167151633,1
1e-09,3e-05,0.0016560615879136467,1
1e-09,3e-05,0.0017252772218756228,1
1e-09,3e-05,0.0022322902822695437,1
1e-09,3e-05,0.0022677505109159786,1
1e-09,3e-05,0.0027389624097544025,1
1e-09,3e-05,0.004088497069199623,1
1e-09,3e-05,0.004599601839374189,1
1e-09,3e-05,0.0072158177415934995,1
1e-09,3e-05,0.048167392398636745,1
1e-09,3e-05,0.057068986483631186,1
1e-09,3e-05,0.10215435804794676,1
1e-09,3e-05,0.13992890509469247,1
1e-09,3e-05,0.17180926123548165,1
1e-09,3e-05,0.21568786998610498,1
1e-09,3e-05,0.3481205839025183,1
1e-09,0.0001,9.999000000001001e-10,98017
1e-09,0.0001,3.419158102743193e-07,574
1e-09,0.0001,6.828317205951304e-07,244
1e-09,0.0001,1.0237476309624332e-06,153
1e-09,0.0001,1.3646635413762281e-06,111
1e-09,0.0001,1.7055794518365144e-06,66
1e-09,0.0001,2.046495362343293e-06,65
1e-09,0.0001,2.3874112728965624e-06,59
1e-09,0.0001,2.7283271834963234e-06,50
1e-09,0.0001,3.0692430941425785e-06,48
1e-09,0.0001,3.410159004835323e-06,41
1e-09,0.0001,3.75107491557456e-06,25
1e-09,0.0001,4.091990826360289e-06,28
1e-09,0.0001,4.43290673719251e-06,24
1e-09,0.0001,4.773822648071221e-06,11
1e-09,0.0001,5.114738558996429e-06,20
1e-09,0.0001,5.455654469968123e-06,15
1e-09,0.0001,5.7965703809863125e-06,17
1e-09,0.0001,6.1374862920509905e-06,10
1e-09,0.0001,6.478402203162163e-06,18
1e-09,0.0001,6.819318114319826e-06,10
1e-09,0.0001,7.16023402552398e-06,7
1e-09,0.0001,7.501149936774626e-06,17
1e-09,0.0001,7.842065848071764e-06,9
1e-09,0.0001,8.182981759415394e-06,7
1e-09,0.0001,8.523897670805517e-06,11
1e-09,0.0001,8.864813582242131e-06,9
1e-09,0.0001,9.205729493725237e-06,8
1e-09,0.0001,9.546645405254839e-06,4
1e-09,0.0001,9.887561316830922e-06,6
1e-09,0.0001,1.0228477228453506e-05,3
1e-09,0.0001,1.0569393140122577e-05,9
1e-09,0.0001,1.0910309051838144e-05,6
1e-09,0.0001,1.1251224963600199e-05,9
1e-09,0.0001,1.1592140875408749e-05,4
1e-09,0.0001,1.1933056787263787e-05,6
1e-09,0.0001,1.2273972699165318e-05,2
1e-09,0.0001,1.261488861111334e-05,3
1e-09,0.0001,1.295580452310786e-05,9
1e-09,0.0001,1.3296720435148868e-05,5
1e-09,0.0001,1.3637636347236364e-05,3
1e-09,0.0001,1.3978552259370358e-05,5
1e-09,0.0001,1.4319468171550836e-05,5
1e-09,0.0001,1.4660384083777815e-05,3
1e-09,0.0001,1.5001299996051278e-05,4
1e-09,0.0001,1.534221590837124e-05,2
1e-09,0.0001,1.5683131820737684e-05,5
1e-09,0.0001,1.6024047733150634e-05,3
1e-09,0.0001,1.6364963645610066e-05,2
1e-09,0.0001,1.6705879558115987e-05,3
1e-09,0.0001,1.70467954706684e-05,2
1e-09,0.0001,1.7387711383267307e-05,2
1e-09,0.0001,1.7728627295912714e-05,3
1e-09,0.0001,1.8069543208604606e-05,3
1e-09,0.0001,1.841045912134299e-05,1
1e-09,0.0001,1.8751375034127862e-05,2
1e-09,0.0001,1.9092290946959233e-05,5
1e-09,0.0001,1.9433206859837086e-05,4
1e-09,0.0001,1.9774122772761447e-05,3
1e-09,0.0001,2.0115038685732284e-05,3
1e-09,0.0001,2.0455954598749623e-05,3
1e-09,0.0001,2.0796870511813443e-05,2
1e-09,0.0001,2.1137786424923756e-05,3
1e-09,0.0001,2.1478702338080574e-05,2
1e-09,0.0001,2.181961825128388e-05,2
1e-09,0.0001,2.2160534164533672e-05,1
1e-09,0.0001,2.2842365991172728e-05,1
1e-09,0.0001,2.3524197817997755e-05,1
1e-09,0.0001,2.3865113731480016e-05,1
1e-09,0.0001,2.4546945558584002e-05,3
1e-09,0.0001,2.4887861472205726e-05,4
1e-09,0.0001,2.522877738587394e-05,1
1e-09,0.0001,2.556969329958866e-05,3
1e-09,0.0001,2.5910609213349866e-05,1
1e-09,0.0001,2.6251525127157554e-05,1
1e-09,0.0001,2.659244104101174e-05,2
1e-09,0.0001,2.693335695491241e-05,1
1e-09,0.0001,2.761518878285325e-05,1
1e-09,0.0001,2.8637936525113187e-05,2
1e-09,0.0001,2.8978852439292815e-05,1
1e-09,0.0001,2.9319768353518937e-05,2
1e-09,0.0001,2.9660684267791555e-05,1
1e-09,0.0001,3.0001600182110665e-05,2
1e-09,0.0001,3.068343201088834e-05,2
1e-09,0.0001,3.102434792534692e-05,1
1e-09,0.0001,3.204709566900162e-05,2
1e-09,0.0001,3.341075932785876e-05,2
1e-09,0.0001,3.4092591157566277e-05,2
1e-09,0.0001,3.443350707248977e-05,2
1e-09,0.0001,3.4774422987459765e-05,2
1e-09,0.0001,3.511533890247625e-05,2
1e-09,0.0001,3.5456254817539215e-05,1
1e-09,0.0001,3.5797170732648684e-05,2
1e-09,0.0001,3.613808664780464e-05,1
1e-09,0.0001,3.7160834393551455e-05,2
1e-09,0.0001,3.75017503088934e-05,1
1e-09,0.0001,3.818358213971671e-05,3
1e-09,0.0001,3.852449805519811e-05,2
1e-09,0.0001,3.92063298863004e-05,2
1e-09,0.0001,3.9547245801921256e-05,1
1e-09,0.0001,3.988816171758862e-05,1
1e-09,0.0001,4.0569993549062844e-05,1
1e-09,0.0001,4.0910909464869686e-05,2
1e-09,0.0001,4.1251825380723006e-05,1
1e-09,0.0001,4.1933657212569156e-05,2
1e-09,0.0001,4.2274573128561945e-05,1
1e-09,0.0001,4.2615489044601274e-05,1
1e-09,0.0001,4.3638236792998124e-05,1
1e-09,0.0001,4.3979152709223386e-05,1
1e-09,0.0001,4.46609845418134e-05,1
1e-09,0.0001,4.5001900458178146e-05,1
1e-09,0.0001,4.534281637458937e-05,1
1e-09,0.0001,4.6365564124102026e-05,1
1e-09,0.0001,4.670648004069924e-05,1
1e-09,0.0001,4.738831187403312e-05,1
1e-09,0.0001,4.772922779076979e-05,1
1e-09,0.0001,4.807014370755296e-05,1
1e-09,0.0001,4.841105962438264e-05,1
1e-09,0.0001,4.909289145818142e-05,2
1e-09,0.0001,4.943380737515056e-05,2
1e-09,0.0001,5.045655512633693e-05,1
1e-09,0.0001,5.147930287794171e-05,1
1e-09,0.0001,5.2502050629964935e-05,1
1e-09,0.0001,5.318388246487953e-05,1
1e-09,0.0001,5.3865714299980086e-05,1
1e-09,0.0001,5.488846205297964e-05,2
1e-09,0.0001,5.829762123266672e-05,1
1e-09,0.0001,5.897945306916207e-05,1
1e-09,0.0001,6.136586449836017e-05,1
1e-09,0.0001,6.204769633569235e-05,1
1e-09,0.0001,6.307044409203931e-05,1
1e-09,0.0001,6.443410776781945e-05,1
1e-09,0.0001,6.477502368688072e-05,1
1e-09,0.0001,6.784326696052424e-05,1
1e-09,0.0001,6.818418288005046e-05,2
1e-09,0.0001,6.852509879962312e-05,1
1e-09,0.0001,6.886601471924228e-05,1
1e-09,0.0001,7.091151023793362e-05,1
1e-09,0.0001,7.125242615787825e-05,1
1e-09,0.0001,7.159334207786936e-05,1
1e-09,0.0001,7.2275173917991e-05,1
1e-09,0.0001,7.466158535988141e-05,1
1e-09,0.0001,7.500250128033743e-05,1
1e-09,0.0001,7.568433312138894e-05,1
1e-09,0.0001,7.70479968040499e-05,1
1e-09,0.0001,7.841166048745466e-05,1
1e-09,0.0001,8.011624009275674e-05,2
1e-09,0.0001,8.079807193520304e-05,1
1e-09,0.0001,8.25026515421323e-05,1
1e-09,0.0001,8.318448338522948e-05,1
1e-09,0.0001,8.557089483753401e-05,1
1e-09,0.0001,8.863913813670154e-05,1
1e-09,0.0001,8.898005405906372e-05,1
1e-09,0.0001,9.102554959421313e-05,1
1e-09,0.0001,9.20482973624155e-05,2
1e-09,0.0001,9.27301292081162e-05,1
1e-09,0.0001,9.613928843940921e-05,1
1e-09,0.0001,9.682112028622568e-05,1
1e-09,0.0001,9.784386805679914e-05,1
1e-09,0.0001,0.00010227577506745251,1
1e-09,0.0001,0.00010363943876461889,1
1e-09,0.0001,0.00010432127061348105,1
1e-09,0.0001,0.00010704859801078923,1
1e-09,0.0001,0.00010943500948587477,1
1e-09,0.0001,0.00011079867318694643,1
1e-09,0.0001,0.00011557149614655531,1
1e-09,0.0001,0.00011693515985097443,1
1e-09,0.0001,0.0001223898146760895,1
1e-09,0.0001,0.00012784446951310646,1
1e-09,0.0001,0.0001343218721475226,1
1e-09,0.0001,0.00014284477037627229,1
1e-09,0.0001,0.00015545865980814787,1
1e-09,0.0001,0.0001568223235343251,1
1e-09,0.0001,0.00016773163337052238,1
1e-09,0.0001,0.00017148170863771052,1
1e-09,0.0001,0.00017693636358184458,1
1e-09,0.0001,0.00017761819545069823,1
1e-09,0.0001,0.00018545926195588113,1
1e-09,0.0001,0.00018750475756997362,2
1e-09,0.0001,0.0002120507050696326,1
1e-09,0.0001,0.00022091451950373997,1
1e-09,0.0001,0.00022500551079162044,1
1e-09,0.0001,0.000266256339985178,1
1e-09,0.0001,0.00027852931409150656,1
1e-09,0.0001,0.0002795520619364204,1
1e-09,0.0001,0.0002839839692692156,1
1e-09,0.0001,0.0002843248852182174,1
1e-09,0.0001,0.00028807496066030785,1
1e-09,0.0001,0.00029659785941325243,1
1e-09,0.0001,0.00030137068272759367,1
1e-09,0.0001,0.0003190983122606412,1
1e-09,0.0001,0.00033239403449292644,1
1e-09,0.0001,0.00041216836937163314,1
1e-09,0.0001,0.00044114622668865554,1
1e-09,0.0001,0.00045171462179375,1
1e-09,0.0001,0.00045273736970951743,1
1e-09,0.0001,0.0005188750691508832,1
1e-09,0.0001,0.0005471710957349861,1
1e-09,0.0001,0.0005853536863320687,1
1e-09,0.0001,0.0006054677298275601,1
1e-09,0.0001,0.0007571753512359581,1
1e-09,0.0001,0.0010779773405320875,1
1e-09,0.0001,0.0014270754075395736,1
1e-09,0.0001,0.0014529850316436445,1
1e-09,0.0001,0.001704922048445743,1
1e-09,0.0001,0.0027651714772560496,1
1e-09,0.0001,0.0027917629478105,1
1e-09,0.0001,0.004409070355348337,1
1e-09,0.0001,0.006960149912798191,1
1e-09,0.0001,0.007110494252327902,1
1e-09,0.0001,0.011506280366970446,1
1e-09,0.0001,0.013526217248506903,1
1e-09,0.0001,0.0226502157724149,1
1e-09,0.0001,0.07097561007389286,1
1e-09,0.0001,0.07698886285537648,1
1e-09,0.0001,0.12230009797591432,1
1e-09,0.0001,0.2888123470106638,1
1e-09,0.0003,9.997000000002998e-10,98047
1e-09,0.0003,3.417792439581623e-07,586
1e-09,0.0003,6.825587880557021e-07,228
1e-09,0.0003,1.0233383322926193e-06,132
1e-09,0.0003,1.364117876668915e-06,92
1e-09,0.0003,1.7048974211845876e-06,72
1e-09,0.0003,2.0456769658396383e-06,74
1e-09,0.0003,2.386456510634067e-06,50
1e-09,0.0003,2.727236055567873e-06,43
1e-09,0.0003,3.068015600641057e-06,45
1e-09,0.0003,3.408795145853618e-06,32
1e-09,0.0003,3.7495746912055586e-06,36
1e-09,0.0003,4.090354236696875e-06,24
1e-09,0.0003,4.431133782327569e-06,25
1e-09,0.0003,4.771913328097643e-06,23
1e-09,0.0003,5.112692874007093e-06,14
1e-09,0.0003,5.453472420055921e-06,28
1e-09,0.0003,5.794251966244126e-06,15
1e-09,0.0003,6.13503151257171e-06,16
1e-09,0.0003,6.47581105903867e-06,13
1e-09,0.0003,6.8165906056450094e-06,16
1e-09,0.0003,7.157370152390727e-06,13
1e-09,0.0003,7.498149699275821e-06,10
1e-09,0.0003,7.838929246300291e-06,8
1e-09,0.0003,8.179708793464142e-06,8
1e-09,0.0003,8.520488340767372e-06,10
1e-09,0.0003,8.861267888209978e-06,6
1e-09,0.0003,9.202047435791958e-06,7
1e-09,0.0003,9.54282698351332e-06,7
1e-09,0.0003,9.883606531374059e-06,5
1e-09,0.0003,1.0224386079374177e-05,6
1e-09,0.0003,1.0565165627513669e-05,5
1e-09,0.0003,1.0905945175792542e-05,11
1e-09,0.0003,1.124672472421079e-05,6
1e-09,0.0003,1.1587504272768419e-05,6
1e-09,0.0003,1.1928283821465423e-05,5
1e-09,0.0003,1.2269063370301804e-05,5
1e-09,0.0003,1.2609842919277567e-05,3
1e-09,0.0003,1.2950622468392706e-05,1
1e-09,0.0003,1.329140201764722e-05,9
1e-09,0.0003,1.3632181567041117e-05,4
1e-09,0.0003,1.3972961116574386e-05,1
1e-09,0.0003,1.4313740666247037e-05,3
1e-09,0.0003,1.4654520216059062e-05,6
1e-09,0.0003,1.4995299766010469e-05,5
1e-09,0.0003,1.533607931610124e-05,4
1e-09,0.0003,1.5676858866331415e-05,3
1e-09,0.0003,1.601763841670095e-05,3
1e-09,0.0003,1.669919751785816e-05,2
1e-09,0.0003,1.7039977068645834e-05,2
1e-09,0.0003,1.738075661957288e-05,5
1e-09,0.0003,1.7721536170639305e-05,1
1e-09,0.0003,1.8062315721845106e-05,1
1e-09,0.0003,1.8403095273190287e-05,3
1e-09,0.0003,1.8743874824674853e-05,3
1e-09,0.0003,1.97662134799648e-05,5
1e-09,0.0003,2.0106993032006864e-05,2
1e-09,0.0003,2.0788552136509143e-05,4
1e-09,0.0003,2.112933168896934e-05,4
1e-09,0.0003,2.147011124156892e-05,5
1e-09,0.0003,2.181089079430789e-05,1
1e-09,0.0003,2.2151670347186226e-05,2
1e-09,0.0003,2.2492449900203942e-05,2
1e-09,0.0003,2.283322945336103e-05,1
1e-09,0.0003,2.31740090066575e-05,2
1e-09,0.0003,2.351478856009335e-05,1
1e-09,0.0003,2.3855568113668574e-05,4
1e-09,0.0003,2.4537127221237162e-05,1
1e-09,0.0003,2.4877906775230524e-05,2
1e-09,0.0003,2.5218686329363257e-05,3
1e-09,0.0003,2.590024543804687e-05,3
1e-09,0.0003,2.6241024992597742e-05,2
1e-09,0.0003,2.658180454728798e-05,1
1e-09,0.0003,2.6922584102117613e-05,2
1e-09,0.0003,2.7263363657086618e-05,1
1e-09,0.0003,2.7604143212194994e-05,1
1e-09,0.0003,2.828570232282989e-05,2
1e-09,0.0003,2.8626481878356408e-05,1
1e-09,0.0003,2.9308040989827565e-05,2
1e-09,0.0003,2.964882054577222e-05,1
1e-09,0.0003,2.998960010185625e-05,1
1e-09,0.0003,3.0330379658079646e-05,1
1e-09,0.0003,3.067115921444242e-05,3
1e-09,0.0003,3.101193877094457e-05,5
1e-09,0.0003,3.1352718327586114e-05,1
1e-09,0.0003,3.203427744128733e-05,2
1e-09,0.0003,3.2375056998347e-05,3
1e-09,0.0003,3.271583655554604e-05,1
1e-09,0.0003,3.305661611288447e-05,3
1e-09,0.0003,3.3397395670362264e-05,2
1e-09,0.0003,3.3738175227979446e-05,4
1e-09,0.0003,3.4078954785736e-05,2
1e-09,0.0003,3.441973434363195e-05,1
1e-09,0.0003,3.476051390166726e-05,1
1e-09,0.0003,3.544207301815602e-05,1
1e-09,0.0003,3.6123632135202296e-05,4
1e-09,0.0003,3.64644116939345e-05,2
1e-09,0.0003,3.714597081181702e-05,1
1e-09,0.0003,3.7486750370967374e-05,1
1e-09,0.0003,3.782752993025709e-05,1
1e-09,0.0003,3.816830948968619e-05,1
1e-09,0.0003,3.919064816880971e-05,2
1e-09,0.0003,3.953142772879632e-05,2
1e-09,0.0003,3.987220728892229e-05,2
1e-09,0.0003,4.0553766409592395e-05,1
1e-09,0.0003,4.1916884652605114e-05,1
1e-09,0.0003,4.2939223336328127e-05,1
1e-09,0.0003,4.362078245950701e-05,1
1e-09,0.0003,4.396156202130551e-05,1
1e-09,0.0003,4.430234158324341e-05,2
1e-09,0.0003,4.464312114532068e-05,1
1e-09,0.0003,4.498390070753732e-05,1
1e-09,0.0003,4.600623939502353e-05,1
1e-09,0.0003,4.6347018957797695e-05,2
1e-09,0.0003,4.702857808376413e-05,2
1e-09,0.0003,4.736935764695643e-05,1
1e-09,0.0003,4.77101372102881e-05,1
1e-09,0.0003,4.805091677375914e-05,1
1e-09,0.0003,4.907325546500855e-05,1
1e-09,0.0003,5.009559415751236e-05,2
1e-09,0.0003,5.077715328654511e-05,1
1e-09,0.0003,5.145871241613538e-05,1
1e-09,0.0003,5.2481051111566125e-05,1
1e-09,0.0003,5.316261024255017e-05,1
1e-09,0.0003,5.4525728506190794e-05,1
1e-09,0.0003,5.520728763884739e-05,2
1e-09,0.0003,5.554806720538475e-05,3
1e-09,0.0003,5.793352417504882e-05,1
1e-09,0.0003,6.03189811515424e-05,2
1e-09,0.0003,6.168209942689075e-05,1
1e-09,0.0003,6.577145426631611e-05,1
1e-09,0.0003,6.645301340817157e-05,1
1e-09,0.0003,6.679379297930843e-05,1
1e-09,0.0003,6.84976908370832e-05,1
1e-09,0.0003,6.986080912581186e-05,1
1e-09,0.0003,7.12239274167705e-05,2
1e-09,0.0003,7.190548656308611e-05,1
1e-09,0.0003,7.258704570995922e-05,1
1e-09,0.0003,7.49725027284055e-05,1
1e-09,0.0003,7.565406187778744e-05,1
1e-09,0.0003,7.83802984808902e-05,1
1e-09,0.0003,8.110653509291311e-05,1
1e-09,0.0003,8.246965340226964e-05,1
1e-09,0.0003,8.451433087048577e-05,1
1e-09,0.0003,8.72405675025791e-05,1
1e-09,0.0003,9.269304079352627e-05,1
1e-09,0.0003,9.439693870426461e-05,1
1e-09,0.0003,9.541927745238018e-05,1
1e-09,0.0003,9.576005703536408e-05,1
1e-09,0.0003,9.610083661848741e-05,1
1e-09,0.0003,0.00010019019162683861,1
1e-09,0.0003,0.00010291642831022296,1
1e-09,0.0003,0.00010359798748246282,1
1e-09,0.0003,0.00011484371390491126,1
1e-09,0.0003,0.00011722917104433745,1
1e-09,0.0003,0.00012779333845817556,1
1e-09,0.0003,0.0001281341180544004,1
1e-09,0.0003,0.00013426815081028076,1
1e-09,0.0003,0.00013733516720515541,1
1e-09,0.0003,0.00013801672640554948,1
1e-09,0.0003,0.00013903906520718615,1
1e-09,0.0003,0.00014892167368767793,1
1e-09,0.0003,0.00015267024934887237,1
1e-09,0.0003,0.00015539648620397015,1
1e-09,0.0003,0.000166301433713563,1
1e-09,0.0003,0.0001714131279078154,1
1e-09,0.0003,0.00018197729600864657,1
1e-09,0.0003,0.00018231807562703252,1
1e-09,0.0003,0.00019185990499842484,1
1e-09,0.0003,0.00020651342888868048,1
1e-09,0.0003,0.0002129882418525148,1
1e-09,0.0003,0.00022661942720400037,1
1e-09,0.0003,0.00023139034212970515,1
1e-09,0.0003,0.0002361612570827279,1
1e-09,0.0003,0.00024059139242070987,1
1e-09,0.0003,0.0002419545109909817,1
1e-09,0.0003,0.00024263607027695384,1
1e-09,0.0003,0.00026069739155835903,1
1e-09,0.0003,0.00027773637425820526,1
1e-09,0.0003,0.00028318884879574753,1
1e-09,0.0003,0.0002910267810059755,1
1e-09,0.0003,0.00031760759513749714,1
1e-09,0.0003,0.00033464657900114826,1
1e-09,0.0003,0.00034248451169543564,1
1e-09,0.0003,0.00035134478352558763,1
1e-09,0.0003,0.00035543413978666663,1
1e-09,0.0003,0.0003755401416955654,1
1e-09,0.0003,0.000436880489500394,1
1e-09,0.0003,0.00044880777987574207,1
1e-09,0.0003,0.000470617682717928,1
1e-09,0.0003,0.0005101481330744952,1
1e-09,0.0003,0.0005483154662328275,1
1e-09,0.0003,0.0005599019784303998,1
1e-09,0.0003,0.0009548658288174876,1
1e-09,0.0003,0.0010427870565380205,1
1e-09,0.0003,0.0011027643334844588,1
1e-09,0.0003,0.001218288759769551,1
1e-09,0.0003,0.0021360099187221772,1
1e-09,0.0003,0.0027112474620489355,1
1e-09,0.0003,0.004317007445268338,1
1e-09,0.0003,0.005228257165268228,1
1e-09,0.0003,0.006677943702648661,1
1e-09,0.0003,0.013617662854142867,1
1e-09,0.0003,0.0149017421513736,1
1e-09,0.0003,0.027525900988181726,1
1e-09,0.001,9.990000000009982e-10,98078
1e-09,0.001,3.4130147667108464e-07,544
1e-09,0.001,6.816039538056225e-07,244
1e-09,0.001,1.0219064314036155e-06,152
1e-09,0.001,1.3622089094650623e-06,104
1e-09,0.001,1.7025113879899633e-06,83
1e-09,0.001,2.0428138669783204e-06,60
1e-09,0.001,2.38311634643013e-06,56
1e-09,0.001,2.723418826345395e-06,39
1e-09,0.001,3.063721306724114e-06,48
1e-09,0.001,3.4040237875662885e-06,32
1e-09,0.001,3.7443262688719174e-06,29
1e-09,0.001,4.084628750641e-06,40
1e-09,0.001,4.424931232873537e-06,21
1e-09,0.001,4.76523371556953e-06,23
1e-09,0.001,5.105536198728976e-06,17
1e-09,0.001,5.445838682351877e-06,19
1e-09,0.001,5.786141166438233e-06,6
1e-09,0.001,6.126443650988043e-06,15
1e-09,0.001,6.466746136001307e-06,17
1e-09,0.001,6.807048621478027e-06,11
1e-09,0.001,7.1473511074182e-06,5
1e-09,0.001,7.487653593821828e-06,10
1e-09,0.001,7.827956080688907e-06,10
1e-09,0.001,8.16825856801945e-06,8
1e-09,0.001,8.508561055813434e-06,12
1e-09,0.001,8.848863544070885e-06,3
1e-09,0.001,9.189166032791785e-06,6
1e-09,0.001,9.529468521976142e-06,9
1e-09,0.001,9.869771011623949e-06,7
1e-09,0.001,1.0210073501735211e-05,5
1e-09,0.001,1.0550375992309934e-05,5
1e-09,0.001,1.0890678483348108e-05,4
1e-09,0.001,1.1230980974849733e-05,6
1e-09,0.001,1.1571283466814818e-05,5
1e-09,0.001,1.1911585959243351e-05,5
1e-09,0.001,1.2251888452135346e-05,5
1e-09,0.001,1.259219094549079e-05,5
1e-09,0.001,1.293249343930969e-05,2
1e-09,0.001,1.3613098428337854e-05,3
1e-09,0.001,1.3953400923547122e-05,8
1e-09,0.001,1.4293703419219838e-05,5
1e-09,0.001,1.4634005915356008e-05,4
1e-09,0.001,1.4974308411955638e-05,5
1e-09,0.001,1.531461090901872e-05,7
1e-09,0.001,1.565491340654525e-05,6
1e-09,0.001,1.599521590453525e-05,2
1e-09,0.001,1.633551840298869e-05,3
1e-09,0.001,1.667582090190559e-05,4
1e-09,0.001,1.701612340128595e-05,5
1e-09,0.001,1.735642590112976e-05,1
1e-09,0.001,1.769672840143703e-05,1
1e-09,0.001,1.8037030902207744e-05,6
1e-09,0.001,1.8717635905139547e-05,1
1e-09,0.001,1.9057938407300624e-05,2
1e-09,0.001,1.939824090992516e-05,1
1e-09,0.001,1.9738543413013155e-05,8
1e-09,0.001,2.00788459165646e-05,4
1e-09,0.001,2.04191484205795e-05,1
1e-09,0.001,2.0759450925057858e-05,1
1e-09,0.001,2.1099753429999663e-05,1
1e-09,0.001,2.144005593540493e-05,4
1e-09,0.001,2.1780358441273653e-05,4
1e-09,0.001,2.2460963454401442e-05,4
1e-09,0.001,2.3141568469383065e-05,4
1e-09,0.001,2.348187097756906e-05,3
1e-09,0.001,2.3822173486218508e-05,2
1e-09,0.001,2.416247599533141e-05,2
1e-09,0.001,2.4502778504907766e-05,3
1e-09,0.001,2.484308101494758e-05,1
1e-09,0.001,2.5183383525450835e-05,1
1e-09,0.001,2.5523686036417554e-05,5
1e-09,0.001,2.620429105974136e-05,1
1e-09,0.001,2.654459357209844e-05,3
1e-09,0.001,2.688489608491898e-05,3
1e-09,0.001,2.722519859820298e-05,1
1e-09,0.001,2.7565501111950425e-05,3
1e-09,0.001,2.790580362616132e-05,1
1e-09,0.001,2.8586408655973485e-05,2
1e-09,0.001,2.960731620416764e-05,2
1e-09,0.001,2.994761872115927e-05,1
1e-09,0.001,3.0287921238614358e-05,1
1e-09,0.001,3.0968526274914895e-05,1
1e-09,0.001,3.1308828793760325e-05,1
1e-09,0.001,3.164913131306923e-05,1
1e-09,0.001,3.198943383284161e-05,2
1e-09,0.001,3.3010341394939395e-05,3
1e-09,0.001,3.335064391656556e-05,1
1e-09,0.001,3.3690946438655194e-05,1
1e-09,0.001,3.437155148422482e-05,1
1e-09,0.001,3.4711854007704825e-05,1
1e-09,0.001,3.505215653164826e-05,1
1e-09,0.001,3.539245905605516e-05,1
1e-09,0.001,3.5732761580925524e-05,1
1e-09,0.001,3.64133666320566e-05,1
1e-09,0.001,3.7093971685041496e-05,1
1e-09,0.001,3.743427421222914e-05,2
1e-09,0.001,3.777457673988022e-05,3
1e-09,0.001,3.913578685511911e-05,1
1e-09,0.001,3.9476089385087466e-05,1
1e-09,0.001,3.981639191551927e-05,2
1e-09,0.001,4.151790457463016e-05,2
1e-09,0.001,4.3900022316850506e-05,1
1e-09,0.001,4.4240324853307235e-05,1
1e-09,0.001,4.458062739022739e-05,3
1e-09,0.001,4.526123246545811e-05,1
1e-09,0.001,4.560153500376867e-05,1
1e-09,0.001,4.594183754254266e-05,1
1e-09,0.001,4.662244262148102e-05,1
1e-09,0.001,4.73030477022732e-05,1
1e-09,0.001,4.832395532693737e-05,2
1e-09,0.001,4.934486295577265e-05,1
1e-09,0.001,5.138667822595647e-05,2
1e-09,0.001,5.172698077260917e-05,1
1e-09,0.001,5.2067283319725355e-05,1
1e-09,0.001,5.240758586730501e-05,1
1e-09,0.001,5.3768796062258096e-05,1
1e-09,0.001,5.47897037133392e-05,2
1e-09,0.001,5.6150913921269016e-05,1
1e-09,0.001,5.6831519028014644e-05,1
1e-09,0.001,5.887333435937449e-05,1
1e-09,0.001,5.9553939473535395e-05,1
1e-09,0.001,5.989424203131104e-05,1
1e-09,0.001,6.023454458955013e-05,1
1e-09,0.001,6.193605738769742e-05,1
1e-09,0.001,6.738089841962915e-05,1
1e-09,0.001,6.806150355696284e-05,1
1e-09,0.001,6.94227138371916e-05,2
1e-09,0.001,7.486755503225941e-05,1
1e-09,0.001,7.520785761089053e-05,1
1e-09,0.001,7.690937051099786e-05,1
1e-09,0.001,7.793027825662372e-05,1
1e-09,0.001,7.827058083942591e-05,1
1e-09,0.001,7.963179117526924e-05,1
1e-09,0.001,8.371542222729091e-05,1
1e-09,0.001,8.405572481797187e-05,1
1e-09,0.001,8.507663259279538e-05,1
1e-09,0.001,8.643784296571512e-05,1
1e-09,0.001,8.950056633189659e-05,1
1e-09,0.001,8.984086893045625e-05,1
1e-09,0.001,9.018117152947938e-05,1
1e-09,0.001,9.086177672891596e-05,2
1e-09,0.001,9.358419754520058e-05,1
1e-09,0.001,9.426480275390625e-05,1
1e-09,0.001,9.562601317687911e-05,1
1e-09,0.001,9.834843404507065e-05,1
1e-09,0.001,0.00010175146017202102,1
1e-09,0.001,0.00010719630207154017,1
1e-09,0.001,0.00011093963094628272,1
1e-09,0.001,0.00011196053883094505,1
1e-09,0.001,0.00011468295987710324,1
1e-09,0.001,0.00013067718412229838,1
1e-09,0.001,0.00013305930271449495,1
1e-09,0.001,0.00013408021068953097,1
1e-09,0.001,0.00013680263197668577,1
1e-09,0.001,0.0001395250532935017,1
1e-09,0.001,0.00014939383081560313,1
1e-09,0.001,0.0001701522951515182,1
1e-09,0.001,0.00018002107388323763,1
1e-09,0.001,0.0001929525776389174,1
1e-09,0.001,0.00021643346774823392,1
1e-09,0.001,0.0002225589177048542,1
1e-09,0.001,0.0002242604316083418,1
1e-09,0.001,0.00022630224830782106,1
1e-09,0.001,0.00023276800129957596,1
1e-09,0.001,0.00023480981806857335,1
1e-09,0.001,0.000282452214081698,1
1e-09,0.001,0.0002906194828817429,1
1e-09,0.001,0.00029232099724868597,1
1e-09,0.001,0.0004036000620040829,1
1e-09,0.001,0.0004298033963874967,1
1e-09,0.001,0.0005713695101913955,1
1e-09,0.001,0.0006094834776113184,1
1e-09,0.001,0.000618671667055441,1
1e-09,0.001,0.0007867815631925401,1
1e-09,0.001,0.0009164372485994692,1
1e-09,0.001,0.0009324315241641485,1
1e-09,0.001,0.0009644200783648457,1
1e-09,0.001,0.002358648595169622,1
1e-09,0.001,0.002487964790328836,1
1e-09,0.001,0.0025665754574615116,1
1e-09,0.001,0.0026911274742018715,1
1e-09,0.001,0.003249910783305909,1
1e-09,0.001,0.006022746809758885,1
1e-09,0.001,0.006496459723793503,1
1e-09,0.001,0.012784471175858212,1
1e-09,0.001,0.03175632355202927,1
1e-09,0.003,9.970000000029822e-10,98134
1e-09,0.003,3.3993826858920647e-07,581
1e-09,0.003,6.788795385590461e-07,217
1e-09,0.003,1.017820809909521e-06,165
1e-09,0.003,1.3567620826406326e-06,112
1e-09,0.003,1.6957033567523792e-06,69
1e-09,0.003,2.0346446322447613e-06,71
1e-09,0.003,2.3735859091177804e-06,46
1e-09,0.003,2.7125271873714344e-06,44
1e-09,0.003,3.0514684670057247e-06,32
1e-09,0.003,3.3904097480206506e-06,30
1e-09,0.003,3.7293510304162124e-06,30
1e-09,0.003,4.068292314192411e-06,20
1e-09,0.003,4.407233599349246e-06,20
1e-09,0.003,4.746174885886714e-06,24
1e-09,0.003,5.085116173804819e-06,17
1e-09,0.003,5.424057463103562e-06,15
1e-09,0.003,5.76299875378294e-06,13
1e-09,0.003,6.101940045842955e-06,11
1e-09,0.003,6.4408813392836025e-06,12
1e-09,0.003,6.77982263410489e-06,14
1e-09,0.003,7.118763930306811e-06,7
1e-09,0.003,7.457705227889371e-06,12
1e-09,0.003,7.796646526852565e-06,7
1e-09,0.003,8.135587827196393e-06,9
1e-09,0.003,8.47452912892086e-06,9
1e-09,0.003,8.813470432025966e-06,7
1e-09,0.003,9.152411736511701e-06,9
1e-09,0.003,9.491353042378077e-06,9
1e-09,0.003,9.830294349625085e-06,7
1e-09,0.003,1.0169235658252732e-05,6
1e-09,0.003,1.0508176968261016e-05,4
1e-09,0.003,1.0847118279649936e-05,8
1e-09,0.003,1.1186059592419487e-05,7
1e-09,0.003,1.152500090656968e-05,5
1e-09,0.003,1.186394222210051e-05,10
1e-09,0.003,1.2202883539011976e-05,7
1e-09,0.003,1.2541824857304074e-05,3
1e-09,0.003,1.2880766176976812e-05,2
1e-09,0.003,1.3219707498030185e-05,2
1e-09,0.003,1.3558648820464192e-05,4
1e-09,0.003,1.3897590144278837e-05,8
1e-09,0.003,1.4236531469474123e-05,6
1e-09,0.003,1.4575472796050037e-05,8
1e-09,0.003,1.4914414124006591e-05,2
1e-09,0.003,1.5253355453343777e-05,3
1e-09,0.003,1.559229678406161e-05,5
1e-09,0.003,1.5931238116160074e-05,3
1e-09,0.003,1.6270179449639174e-05,5
1e-09,0.003,1.66091207844989e-05,2
1e-09,0.003,1.6948062120739282e-05,5
1e-09,0.003,1.728700345836029e-05,2
1e-09,0.003,1.762594479736194e-05,1
1e-09,0.003,1.8303827479507137e-05,1
1e-09,0.003,1.8642768822650693e-05,1
1e-09,0.003,1.898171016717488e-05,4
1e-09,0.003,1.932065151307971e-05,4
1e-09,0.003,1.9659592860365173e-05,1
1e-09,0.003,1.9998534209031277e-05,1
1e-09,0.003,2.0337475559078016e-05,2
1e-09,0.003,2.0676416910505383e-05,3
1e-09,0.003,2.1354299617502042e-05,1
1e-09,0.003,2.203218233002125e-05,3
1e-09,0.003,2.237112368835181e-05,1
1e-09,0.003,2.3387947771627295e-05,1
1e-09,0.003,2.3726889135480404e-05,2
1e-09,0.003,2.4065830500714133e-05,2
1e-09,0.003,2.440477186732852e-05,2
1e-09,0.003,2.474371323532353e-05,5
1e-09,0.003,2.508265460469918e-05,1
1e-09,0.003,2.576053734759239e-05,2
1e-09,0.003,2.6438420096008148e-05,1
1e-09,0.003,2.7116302849946465e-05,1
1e-09,0.003,2.745524422898656e-05,1
1e-09,0.003,2.7794185609407305e-05,1
1e-09,0.003,2.8472068374390708e-05,1
1e-09,0.003,2.948889253222058e-05,2
1e-09,0.003,2.9827833920925157e-05,1
1e-09,0.003,3.0166775311010348e-05,2
1e-09,0.003,3.118359948954976e-05,1
1e-09,0.003,3.152254088515753e-05,1
1e-09,0.003,3.220042368051494e-05,1
1e-09,0.003,3.25393650802646e-05,1
1e-09,0.003,3.2878306481394895e-05,1
1e-09,0.003,3.35561892877974e-05,1
1e-09,0.003,3.423407209972245e-05,2
1e-09,0.003,3.4573013507755945e-05,1
1e-09,0.003,3.5250896327964815e-05,1
1e-09,0.003,3.558983774014022e-05,2
1e-09,0.003,3.5928779153696246e-05,2
1e-09,0.003,3.6606661984950216e-05,3
1e-09,0.003,3.694560340264816e-05,2
1e-09,0.003,3.762348624218597e-05,1
1e-09,0.003,3.864031051184744e-05,1
1e-09,0.003,4.202972483379379e-05,2
1e-09,0.003,4.27076077147507e-05,1
1e-09,0.003,4.304654915730012e-05,1
1e-09,0.003,4.541913929380386e-05,1
1e-09,0.003,4.575808074739837e-05,2
1e-09,0.003,4.711384657558282e-05,1
1e-09,0.003,4.846961242585744e-05,1
1e-09,0.003,4.94864368280601e-05,2
1e-09,0.003,5.016431976976508e-05,1
1e-09,0.003,5.152008566974266e-05,1
1e-09,0.003,5.2197968628015275e-05,1
1e-09,0.003,5.389267604785799e-05,1
1e-09,0.003,5.457055902545954e-05,1
1e-09,0.003,5.5587383502216625e-05,1
1e-09,0.003,5.592632499723027e-05,1
1e-09,0.003,5.660420799139948e-05,1
1e-09,0.003,5.965468153350247e-05,2
1e-09,0.003,6.033256455804569e-05,2
1e-09,0.003,6.134938910521536e-05,1
1e-09,0.003,6.338303823683183e-05,1
1e-09,0.003,6.473880435218896e-05,1
1e-09,0.003,7.592387564676476e-05,1
1e-09,0.003,7.660175880384927e-05,1
1e-09,0.003,7.829646672072175e-05,1
1e-09,0.003,7.965223307907121e-05,1
1e-09,0.003,8.270270746612493e-05,1
1e-09,0.003,8.439741550725488e-05,1
1e-09,0.003,8.575318196501035e-05,1
1e-09,0.003,8.677000682282365e-05,1
1e-09,0.003,8.710894844485605e-05,1
1e-09,0.003,9.253201458514107e-05,1
1e-09,0.003,9.287095623064432e-05,1
1e-09,0.003,9.524354778782496e-05,1
1e-09,0.003,9.59214311023023e-05,1
1e-09,0.003,0.0001006666144582755,1
1e-09,0.003,0.00010134449781693332,1
1e-09,0.003,0.00010270026455081663,1
1e-09,0.003,0.00011659687484676096,1
1e-09,0.003,0.0001206641758602272,1
1e-09,0.003,0.00012235888467451535,1
1e-09,0.003,0.00012845983669174528,1
1e-09,0.003,0.00013117137106521184,1
1e-09,0.003,0.00013151031286810804,1
1e-09,0.003,0.00013354396371447876,1
1e-09,0.003,0.000141000683909742,1
1e-09,0.003,0.00014540692797558423,1
1e-09,0.003,0.00014744057916159266,1
1e-09,0.003,0.00015862566157308144,1
1e-09,0.003,0.00015896460348780958,1
1e-09,0.003,0.00017692852694409984,1
1e-09,0.003,0.0001938756280995278,1
1e-09,0.003,0.00020336600625422957,1
1e-09,0.003,0.0002155679226150617,1
1e-09,0.003,0.00023692128055205597,1
1e-09,0.003,0.00027996695527300163,1
1e-09,0.003,0.0003521617195619754,1
1e-09,0.003,0.000355551146654871,1
1e-09,0.003,0.00036775308533247255,1
1e-09,0.003,0.0003721593414057876,1
1e-09,0.003,0.0004196113446744079,1
1e-09,0.003,0.00043723638135210574,1
1e-09,0.003,0.0006561938790453127,1
1e-09,0.003,0.0008782024564607698,1
1e-09,0.003,0.000890743416677082,1
1e-09,0.003,0.002006896445999051,1
1e-09,0.003,0.002821734896390574,1
1e-09,0.01,9.900000000098e-10,98226
1e-09,0.01,3.351885222504767e-07,550
1e-09,0.01,6.693870489905951e-07,209
1e-09,0.01,1.0035855802203647e-06,151
1e-09,0.01,1.3377841159397869e-06,98
1e-09,0.01,1.6719826561488603e-06,83
1e-09,0.01,2.0061812008475856e-06,52
1e-09,0.01,2.3403797500359626e-06,59
1e-09,0.01,2.6745783037139924e-06,50
1e-09,0.01,3.008776861881674e-06,46
1e-09,0.01,3.3429754245390096e-06,28
1e-09,0.01,3.6771739916859975e-06,29
1e-09,0.01,4.0113725633226365e-06,24
1e-09,0.01,4.34557113944893e-06,20
1e-09,0.01,4.679769720064876e-06,23
1e-09,0.01,5.013968305170476e-06,23
1e-09,0.01,5.3481668947657265e-06,17
1e-09,0.01,5.682365488850635e-06,16
1e-09,0.01,6.0165640874251944e-06,11
1e-09,0.01,6.350762690489407e-06,8
1e-09,0.01,6.684961298043275e-06,10
1e-09,0.01,7.019159910086797e-06,15
1e-09,0.01,7.3533585266199725e-06,12
1e-09,0.01,7.687557147642801e-06,8
1e-09,0.01,8.021755773155286e-06,6
1e-09,0.01,8.355954403157425e-06,8
1e-09,0.01,8.69015303764922e-06,7
1e-09,0.01,9.024351676630666e-06,9
1e-09,0.01,9.358550320101771e-06,7
1e-09,0.01,9.692748968062526e-06,12
1e-09,0.01,1.0026947620512941e-05,9
1e-09,0.01,1.0361146277453008e-05,4
1e-09,0.01,1.0695344938882736e-05,7
1e-09,0.01,1.1029543604802115e-05,6
1e-09,0.01,1.1363742275211155e-05,6
1e-09,0.01,1.1697940950109845e-05,6
1e-09,0.01,1.2032139629498196e-05,4
1e-09,0.01,1.2366338313376196e-05,6
1e-09,0.01,1.2700537001743857e-05,4
1e-09,0.01,1.3034735694601174e-05,2
1e-09,0.01,1.3368934391948152e-05,7
1e-09,0.01,1.3703133093784778e-05,3
1e-09,0.01,1.403733180011107e-05,4
1e-09,0.01,1.4371530510927014e-05,3
1e-09,0.01,1.470572922623261e-05,2
1e-09,0.01,1.503992794602787e-05,5
1e-09,0.01,1.570832539908737e-05,2
1e-09,0.01,1.604252413235159e-05,4
1e-09,0.01,1.6376722870105476e-05,3
1e-09,0.01,1.6710921612349032e-05,5
1e-09,0.01,1.7045120359082242e-05,3
1e-09,0.01,1.7379319110305103e-05,2
1e-09,0.01,1.8047716626219813e-05,1
1e-09,0.01,1.8381915390911643e-05,5
1e-09,0.01,1.871611416009314e-05,2
1e-09,0.01,1.9384511711925118e-05,2
1e-09,0.01,1.9718710494575584e-05,1
1e-09,0.01,2.005290928171573e-05,3
1e-09,0.01,2.0387108073345523e-05,1
1e-09,0.01,2.0721306869464972e-05,1
1e-09,0.01,2.105550567007409e-05,3
1e-09,0.01,2.1389704475172863e-05,1
1e-09,0.01,2.17239032847613e-05,2
1e-09,0.01,2.2058102098839387e-05,2
1e-09,0.01,2.239230091740714e-05,2
1e-09,0.01,2.2726499740464565e-05,3
1e-09,0.01,2.3729096236574773e-05,1
1e-09,0.01,2.406329507759083e-05,1
1e-09,0.01,2.4397493923096542e-05,1
1e-09,0.01,2.4731692773091925e-05,1
1e-09,0.01,2.5400090486551673e-05,1
1e-09,0.01,2.606848821797006e-05,2
1e-09,0.01,2.7071084848770116e-05,1
1e-09,0.01,2.7405283734682795e-05,1
1e-09,0.01,2.7739482625085123e-05,1
1e-09,0.01,2.840788041935878e-05,1
1e-09,0.01,2.8742079323230114e-05,2
1e-09,0.01,2.941047714444176e-05,1
1e-09,0.01,3.007887498361205e-05,1
1e-09,0.01,3.0413073909931694e-05,1
1e-09,0.01,3.0747272840740996e-05,2
1e-09,0.01,3.108147177603997e-05,1
1e-09,0.01,3.1749869660106905e-05,1
1e-09,0.01,3.3086665482116734e-05,1
1e-09,0.01,3.47576603606465e-05,1
1e-09,0.01,3.5091859349821446e-05,2
1e-09,0.01,3.542605834348606e-05,1
1e-09,0.01,3.7765451424848994e-05,1
1e-09,0.01,4.07732428527145e-05,3
1e-09,0.01,4.144164099718207e-05,1
1e-09,0.01,4.177584007615036e-05,2
1e-09,0.01,4.578622937396395e-05,1
1e-09,0.01,4.8459822598346635e-05,1
1e-09,0.01,5.1133416110068216e-05,1
1e-09,0.01,5.313861143242568e-05,1
1e-09,0.01,5.480960765785618e-05,1
1e-09,0.01,5.815160044544282e-05,1
1e-09,0.01,5.8819999056836216e-05,1
1e-09,0.01,6.015679633349917e-05,1
1e-09,0.01,6.0825194998768686e-05,1
1e-09,0.01,6.450138797876297e-05,1
1e-09,0.01,7.686676835285124e-05,1
1e-09,0.01,8.522175857160374e-05,1
1e-09,0.01,8.622435758642082e-05,1
1e-09,0.01,8.689275695208061e-05,1
1e-09,0.01,8.990055431978932e-05,1
1e-09,0.01,0.00010092914777940911,1
1e-09,0.01,0.00010427114676275935,1
1e-09,0.01,0.00010460534668578771,1
1e-09,0.01,0.00011730494708772926,1
1e-09,0.01,0.00015273018247434286,1
1e-09,0.01,0.0001995183065242768,1
1e-09,0.01,0.0002125521567524407,1
1e-09,0.01,0.00021689677501269294,1
1e-09,0.01,0.0002760504991281556,1
1e-09,0.01,0.0006072471122540342,1
1e-09,0.03,9.700000000281998e-10,98454
1e-09,0.03,3.218019494196556e-07,581
1e-09,0.03,6.426339113702728e-07,215
1e-09,0.03,9.634658858518807e-07,138
1e-09,0.03,1.2842978728644804e-06,107
1e-09,0.03,1.6051298724080736e-06,65
1e-09,0.03,1.92596188448266e-06,67
1e-09,0.03,2.246793909088243e-06,40
1e-09,0.03,2.567625946224821e-06,47
1e-09,0.03,2.8884579958923972e-06,19
1e-09,0.03,3.2092900580909727e-06,19
1e-09,0.03,3.530122132820548e-06,26
1e-09,0.03,3.850954220081123e-06,22
1e-09,0.03,4.171786319872701e-06,19
1e-09,0.03,4.49261843219528e-06,17
1e-09,0.03,4.813450557048866e-06,13
1e-09,0.03,5.134282694433457e-06,9
1e-09,0.03,5.455114844349054e-06,16
1e-09,0.03,5.775947006795659e-06,9
1e-09,0.03,6.096779181773273e-06,8
1e-09,0.03,6.417611369281897e-06,8
1e-09,0.03,6.738443569321531e-06,12
1e-09,0.03,7.059275781892179e-06,6
1e-09,0.03,7.380108006993838e-06,7
1e-09,0.03,7.700940244626514e-06,4
1e-09,0.03,8.021772494790202e-06,5
1e-09,0.03,8.342604757484908e-06,2
1e-09,0.03,8.663437032710634e-06,4
1e-09,0.03,8.984269320467377e-06,4
1e-09,0.03,9.305101620755139e-06,2
1e-09,0.03,9.625933933573926e-06,3
1e-09,0.03,9.946766258923728e-06,2
1e-09,0.03,1.026759859680456e-05,4
1e-09,0.03,1.0588430947216418e-05,3
1e-09,0.03,1.0909263310159299e-05,2
1e-09,0.03,1.1230095685633202e-05,1
1e-09,0.03,1.1550928073638144e-05,4
1e-09,0.03,1.1871760474174102e-05,1
1e-09,0.03,1.2192592887241095e-05,3
1e-09,0.03,1.2513425312839125e-05,2
1e-09,0.03,1.2834257750968184e-05,3
1e-09,0.03,1.3155090201628277e-05,3
1e-09,0.03,1.3475922664819399e-05,1
1e-09,0.03,1.3796755140541563e-05,2
1e-09,0.03,1.4117587628794759e-05,1
1e-09,0.03,1.4438420129578995e-05,2
1e-09,0.03,1.4759252642894275e-05,1
1e-09,0.03,1.5080085168740595e-05,1
1e-09,0.03,1.5721750258026343e-05,1
1e-09,0.03,1.6684247985937823e-05,2
1e-09,0.03,1.764674582662871e-05,1
1e-09,0.03,1.957174184634888e-05,1
1e-09,0.03,2.0213407286504054e-05,1
1e-09,0.03,2.053424002537823e-05,1
1e-09,0.03,2.310090238748989e-05,1
1e-09,0.03,2.4384233869291353e-05,1
1e-09,0.03,2.4705066771069398e-05,1
1e-09,0.03,2.6630064444890296e-05,1
1e-09,0.03,3.0159228018551632e-05,1
1e-09,0.03,3.0800894285757876e-05,1
1e-09,0.03,3.4971726244380756e-05,1
1e-09,0.03,3.65758929462125e-05,1
1e-09,0.03,4.4917564845780795e-05,1
1e-09,0.1,9.000000000799999e-10,98929
1e-09,0.1,2.7709713992107724e-07,564
1e-09,0.1,5.532943116535991e-07,176
1e-09,0.1,8.294915151976546e-07,114
1e-09,0.1,1.1056887505532526e-06,54
1e-09,0.1,1.381886017720402e-06,47
1e-09,0.1,1.6580833166991117e-06,29
1e-09,0.1,1.9342806474893907e-06,26
1e-09,0.1,2.2104780100912482e-06,16
1e-09,0.1,2.4866754045046923e-06,14
1e-09,0.1,2.762872830729734e-06,7
1e-09,0.1,3.0390702887663785e-06,4
1e-09,0.1,3.315267778614639e-06,3
1e-09,0.1,3.5914653002745235e-06,3
1e-09,0.1,3.867662853746037e-06,2
1e-09,0.1,4.1438604390291926e-06,3
1e-09,0.1,4.6962557050304635e-06,2
1e-09,0.1,4.9724533857485925e-06,1
1e-09,0.1,5.2486510982784e-06,1
1e-09,0.1,5.801046618773084e-06,3
1e-09,0.1,6.90583804150296e-06,1
1e-09,0.1,8.010629973220665e-06,1
1e-09,0.3,7.0000000012e-10,99319
1e-09,0.3,1.6778222745511717e-07,512
1e-09,0.3,3.348644881168948e-07,94
1e-09,0.3,5.019467819854752e-07,48
1e-09,0.3,6.690291090608812e-07,12
1e-09,0.3,8.361114693431355e-07,8
1e-09,0.3,1.003193862832261e-06,4
1e-09,0.3,1.17027628952828e-06,2
1e-09,0.3,1.5044412425410891e-06,1
1e-09,0.5,5e-10,99547
1e-09,0.5,8.574602591547411e-08,405
1e-09,0.5,1.709920518309483e-07,35
1e-09,0.5,2.562380777464224e-07,8
1e-09,0.5,3.414841036618966e-07,4
1e-09,0.5,4.267301295773707e-07,1
1e-09,0.7,3.0000000012000007e-10,99555
1e-09,0.7,3.0988574795686e-08,431
1e-09,0.7,6.167716047414477e-08,14
1e-09,0.9,1.0000000007999999e-10,99665
1e-09,0.9,3.5098420653324273e-09,332
1e-09,0.9,6.919686176941516e-09,3
